customer_id,first_name,last_name,phone,email
1,Stanisław,Puchalski,451491634,Stanislaw.Puc@interia.pl
2,Inga,Wysocka,782370041,Wysocka.In@wp.pl
3,Leon,Stasik,603017148,Leon8885@gmail.com
4,Magdalena,Szkurłat,454919744,Szkurlat.Ma@wp.pl
5,Oskar,Pilot,457698695,OskarPilot@onet.pl
6,Sara,Pawłowska,535957910,Pawlowska.Sara@wp.pl
7,Maksymilian,Kaja,883148965,MaksymilianKaja@interia.pl
8,Agata,Topór,604331611,Agata1535@interia.pl
9,Adam,Kiełbasa,784921112,Kielbasa.Adam@interia.pl
10,Maria,Mucha,513357584,Maria.Much@wp.pl
11,Oskar,Kowalczyk,697618708,Oskar.Kowalczyk@o2.pl
12,Zoia,Wadelska,794887304,ZoiaWadelska@gmail.com
13,Agata,Krzyszczuk,454257230,Agata.Krzyszczuk@gmail.com
14,Emanuel,Supłatowicz,881347365,Suplatowicz9494@interia.pl
15,Blanka,Młynarczyk,732778234,Mlynarczyk.Bla@gmail.com
16,Ignacy,Adamczak,785354444,Ignacy.Adam@wp.pl
17,Kornelia,Włoczysiak,693917715,WloczysiakKornelia@onet.pl
18,Ignacy,Pietrasik,728112010,Pietrasik.Ignacy@gmail.com
19,Maja,Szymańska,533239094,Szymanska8923@wp.pl
20,Luna,Krawczyk,727873476,Krawczyk6236@o2.pl
21,Anastazja,Machnik,796343551,AnastazjaMachnik@wp.pl
22,Wanda,Jadwidzic,785791090,Wanda4390@interia.pl
23,Jan,Kwik,725862703,Jan.Kwik@wp.pl
24,Jan,Firlit,786369092,Firlit.Jan@wp.pl
25,Gabriela,Pawlak,576192159,Pawlak9490@onet.pl
26,Tola,Staniszewska,888708348,Staniszewska.Tola@interia.pl
27,Wiktor,Dąbrowski,514391230,Wiktor.Dabrowski@gmail.com
28,Sebastian,Karpiński,798271118,Karpinski.Sebastian@wp.pl
29,Tymon,Putała,882490405,PutalaTymon@o2.pl
30,Kuba,Kwiecień,732815513,Kwiecien.Kuba@gmail.com
31,Marcel,Bielawa,457026210,Bielawa3923@wp.pl
32,Nela,Sabura,533433552,SaburaNela@o2.pl
33,Iga,Soroko,722579658,Iga6302@gmail.com
34,Helena,Sawicka,451581833,Sawicka.Helena@gmail.com
35,Lilianna,Fesz,695502907,LiliannaFesz@o2.pl
36,Michał,Kijek,736006497,KijekMichal@wp.pl
37,Maria,Bińkowska,781195779,Maria.Bink@wp.pl
38,Tymon,Organek,574673623,Organek6987@gmail.com
39,Amelia,Chmielewska,537389592,Amelia.Chmielewska@wp.pl
40,Diana,Płońska,693752923,Diana.Plo@wp.pl
41,Gabriela,Kwiatkowska,571463107,Gabriela240@gmail.com
42,Iga,Buczkowska,572477905,Buczkowska.Iga@gmail.com
43,Danuta,Ostachowska,518479152,Ostachowska.Danuta@gmail.com
44,Kaja,Poździk,508075835,Pozdzik.Kaj@onet.pl
45,Dorian,Sender,508044879,Dorian.Send@gmail.com
46,Dawid,Górecki,578755041,Gorecki.Dawid@o2.pl
47,Izabela,Hołołob,698869747,Izabela1152@o2.pl
48,Ksawery,Lewicki,536052849,Ksawery.Lew@wp.pl
49,Brajan,Tonder,728067126,Brajan.Tonder@gmail.com
50,Stanisław,Sowa,518937176,Sowa.St@wp.pl
51,Marcelina,Słaby,786652217,Slaby6137@interia.pl
52,Wiktoria,Filippova,691428946,Wiktoria.Fil@onet.pl
53,Jowita,Nowakowska,721108338,Jowita7180@o2.pl
54,Julia,Nastalczyk,457259916,JuliaNastalczyk@gmail.com
55,Adrian,Śliwowski,532048715,Sliwowski.Adrian@gmail.com
56,Szymon,Szaro,517600080,Szaro7491@wp.pl
57,Hanna,Jazowy,733019428,Jazowy562@interia.pl
58,Błażej,Niedziela,735459123,Blazej.Nie@wp.pl
59,Radosław,Skirzewski,454843134,Skirzewski.Radoslaw@wp.pl
60,Mikołaj,Górniacki,533698616,GorniackiMikolaj@wp.pl
61,Leon,Kyciński,513268445,Kycinski.Leon@wp.pl
62,Zuzanna,Roguszewska,457698970,RoguszewskaZuzanna@onet.pl
63,Szymon,Szabłowski,723236202,Szymon.Szab@onet.pl
64,Michalina,Kucharska,508676223,Kucharska.Michalina@gmail.com
65,Jakub,Woźniak,727880610,JakubWozniak@wp.pl
66,Amanda,Kołodziejczyk,458646487,Amanda.Kolodziejczyk@o2.pl
67,Eliza,Bieniek,724316569,Eliza.Bie@gmail.com
68,Felicja,Cywińska,737018831,Felicja.Cyw@gmail.com
69,Jakub,Szydeł,532484218,SzydelJakub@interia.pl
70,Szymon,Pikuta,668907744,Szymon8165@wp.pl
71,Leokadia,Kamińska,516941826,Kaminska.Leokadia@wp.pl
72,Aleksander,Karwowski,603714931,Karwowski5679@gmail.com
73,Milena,Jaruga,731423157,JarugaMilena@gmail.com
74,Zuzanna,Kępa,738492690,Zuzanna.Kepa@interia.pl
75,Bartosz,Smarzewski,692454674,Smarzewski.Bart@gmail.com
76,Jan,Zieliński,738213694,Jan.Zielinski@gmail.com
77,Nina,Wiącek,781836931,Wiacek6028@gmail.com
78,Leon,Rusinowski,882306685,Rusinowski.Leo@wp.pl
79,Oliwia,Witkowska,694778558,Oliwia5720@gmail.com
80,Mikołaj,Rąpel,732478629,MikolajRapel@onet.pl
81,Sofia,Zalewska,605412691,Zalewska.Sofia@gmail.com
82,Jan,Fugiel,531028390,Fugiel8299@onet.pl
83,Aleksander,Makarewicz,534557945,MakarewiczAleksander@o2.pl
84,Florian,Tworek,664424493,Tworek.Fl@o2.pl
85,Zofia,Golimowska,697442227,Golimowska.Zofia@onet.pl
86,Antoni,Ossowski,693849306,Ossowski.An@wp.pl
87,Nikodem,Raczek,537091732,Raczek.Nikodem@interia.pl
88,Wojciech,Źrebiec,457852725,Zrebiec.Wo@gmail.com
89,Hanna,Domalik,603445062,Domalik.Ha@wp.pl
90,Zuzanna,Wiklik,698127304,Wiklik.Zuz@o2.pl
91,Nela,Michalak,798999906,MichalakNela@wp.pl
92,Nikol,Movsisyan,452221482,Movsisyan.Nik@o2.pl
93,Aleksander,Kazimierczak,515635741,AleksanderKazimierczak@gmail.com
94,Lea,Gołkowska,531081353,Lea.Golkowska@onet.pl
95,Bartosz,Błaszczyk,501083615,Blaszczyk2260@wp.pl
96,Katarzyna,Zyzak,501481766,Zyzak.Katarzyna@wp.pl
97,Barbara,Lewandowska,604105077,LewandowskaBarbara@gmail.com
98,Antoni,Witkowski,782510519,Witkowski.An@gmail.com
99,Jakub,Tarnówka,783785507,Jakub8359@gmail.com
100,Sara,Koperska,724513709,Koperska.Sara@o2.pl
101,Milana,Bilewicz,452747826,Bilewicz3828@gmail.com
102,Zuzanna,Misztal,605246518,Zuzanna.Misz@wp.pl
103,Viktoriya,Stankiewicz,724847596,Viktoriya5959@onet.pl
104,Henryk,Marcol,691654905,Marcol.Henryk@wp.pl
105,Aleksy,Damazyn,694614104,Aleksy2799@gmail.com
106,Pola,Brózda,733612479,Pola.Brozda@interia.pl
107,Karol,Furmaniak,501652568,FurmaniakKarol@wp.pl
108,Szymon,Przytarski,884604260,Szymon.Przy@gmail.com
109,Kinga,Jędrzejewska,666847979,JedrzejewskaKinga@gmail.com
110,Zofia,Skoncej,692360289,Skoncej.Zofia@onet.pl
111,Pola,Maludzińska,535390730,Pola9028@wp.pl
112,Kornel,Zemeła,664024054,ZemelaKornel@wp.pl
113,Zofia,Plewa,508231985,Zofia6758@interia.pl
114,Kalina,Marchlewicz,578270916,Marchlewicz.Kalina@onet.pl
115,Mikołaj,Mikołajski,738230222,Mikolaj7243@gmail.com
116,Zofia,Gnatowska,787752862,GnatowskaZofia@wp.pl
117,Michał,Szymor,456762236,SzymorMichal@wp.pl
118,Mikołaj,Kiljanek,512371261,MikolajKiljanek@onet.pl
119,Stanisław,Krześniak,661269753,Stanislaw.Krzesniak@gmail.com
120,Liliana,Pramka,454210385,LilianaPramka@gmail.com
121,Miłosz,Matera,695245944,Milosz523@gmail.com
122,Paulina,Miazgowicz,726751006,Paulina5374@wp.pl
123,Wiktoria,Borczyk,664287677,Wiktoria.Borczyk@wp.pl
124,Antoni,Moskalenko,697364137,Antoni4874@wp.pl
125,Stanisław,Chybiorz,881607352,Stanislaw.Chy@onet.pl
126,Mikołaj,Szarejko,531582802,Szarejko.Mi@o2.pl
127,Bruno,Kowalski,882888863,Bruno.Kow@gmail.com
128,Natalia,Jabłońska,734757321,JablonskaNatalia@gmail.com
129,Nika,Baran,667307522,BaranNika@onet.pl
130,Anthony,Pancerz,454766731,Pancerz9282@onet.pl
131,Leon,Rajek,601002975,Leon1362@interia.pl
132,Oliwia,Bukowska,733583220,Bukowska.Oliwia@wp.pl
133,Emilia,Baranowska,516968268,BaranowskaEmilia@wp.pl
134,Bartosz,Komorowski,692731692,Komorowski.Bartosz@onet.pl
135,Anastazja,Kłosowicz,516194220,Anastazja.Klosowicz@onet.pl
136,Aleksandra,Szczęch,576896215,Szczech.Alek@o2.pl
137,Samuel,Januszewski,798322085,Samuel8633@gmail.com
138,Zuzanna,Lorent,783667799,Lorent.Zuz@wp.pl
139,Jan,Bańkowski,454040716,Jan873@wp.pl
140,Aleksander,Jerzak,693820615,Aleksander.Jerzak@gmail.com
141,Marcelina,Piankowska,537594388,Piankowska.Marcelina@o2.pl
142,Kacper,Aliev,725613829,Kacper3045@interia.pl
143,Sofia,Arndt,794704287,ArndtSofia@gmail.com
144,Liliana,Niedzielska,458125662,NiedzielskaLiliana@gmail.com
145,Liwia,Osijewska,602565680,LiwiaOsijewska@interia.pl
146,Aleksandra,Gac,502607083,Aleksandra.Gac@gmail.com
147,Maks,Lempa,454267162,MaksLempa@o2.pl
148,Jan,Wosiński,883198916,Jan7148@gmail.com
149,Klara,Kaczmarek,737958533,Klara1076@gmail.com
150,Tymon,Wojtkiewicz,452976618,TymonWojtkiewicz@wp.pl
151,Zofia,Górska,734819508,Zofia1579@wp.pl
152,Antoni,Bartnik,532095977,Antoni.Bartnik@wp.pl
153,Nikodem,Włodarek,883969330,Wlodarek3480@gmail.com
154,Inka,Figarska,881256608,InkaFigarska@interia.pl
155,Maksymilian,Pyrdoł,885815146,Pyrdol.Maks@wp.pl
156,Jakub,Tomaszkiewicz,538255595,Jakub.Tomaszkiewicz@gmail.com
157,Franciszek,Wyrostek,693531357,Franciszek.Wyro@interia.pl
158,Florentyna,Kłos,782626936,Klos.Fl@gmail.com
159,Stanisław,Gałaś,516398392,Stanislaw.Galas@gmail.com
160,Maja,Sawicki,738991793,Maja.Sawicki@gmail.com
161,Maja,Dorlet,666012086,Maja.Dor@gmail.com
162,Cyprian,Grzejszczyk,885685894,Cyprian.Grzejszczyk@wp.pl
163,Karolina,Szotek,512481438,Szotek9196@gmail.com
164,Noemi,Tabaka,887238729,Tabaka.Noem@gmail.com
165,Mikołaj,Lupa,538877204,Mikolaj644@onet.pl
166,Krzysztof,Chrościcki,733265709,Chroscicki.Krz@onet.pl
167,Solomiia,Geodecka,605450994,Solomiia.Geo@gmail.com
168,Zuzanna,Wiśniewska,607993254,Wisniewska.Zuzanna@wp.pl
169,Ksenia,Stolarczyk,783549345,StolarczykKsenia@gmail.com
170,Leon,Heftman,887634697,Heftman1814@interia.pl
171,Leon,Kimak,661882992,Leon1256@onet.pl
172,Gabriela,Błasik,608115133,GabrielaBlasik@onet.pl
173,Bernard,Oleszczuk,888307807,Oleszczuk7978@wp.pl
174,Zofia,Grzymała,503911773,GrzymalaZofia@gmail.com
175,Nela,Zielińska,698573751,Zielinska.Nela@wp.pl
176,Juliusz,Leśnik,883861051,Lesnik.Juliusz@wp.pl
177,Szymon,Kozłowski,452450483,SzymonKozlowski@gmail.com
178,Antoni,Matkowski,504298270,MatkowskiAntoni@gmail.com
179,Maria,Wąsalska,787094482,MariaWasalska@gmail.com
180,Iga,Pawlikowska,571833324,Iga.Paw@gmail.com
181,Alicja,Perekitko,537482106,Alicja.Per@onet.pl
182,Julia,Lewandowska,882338315,Lewandowska.Ju@o2.pl
183,Celina,Magryta,572970456,Magryta1619@wp.pl
184,Amelia,Duljan,514005878,Duljan.Amelia@wp.pl
185,Stefan,Węgrecki,721412261,Stefan.Wegr@o2.pl
186,Wiktor,Gerchant,697298238,Gerchant3949@o2.pl
187,Pola,Płomień,505200827,Pola.Plomien@onet.pl
188,Helena,Bonarek,535488684,Helena.Bonarek@wp.pl
189,Aleksandra,Wojenka,603435058,Wojenka5978@o2.pl
190,Miriam,Urbańska,501654816,MiriamUrbanska@onet.pl
191,Anna,Raczkowska,458767102,Raczkowska.Anna@wp.pl
192,Alicja,Kanderska,503458882,KanderskaAlicja@onet.pl
193,Kaja,Białożyt,571933483,Kaja.Bialozyt@onet.pl
194,Leon,Polis,513356492,PolisLeon@onet.pl
195,Nina,Szymańska,531802830,NinaSzymanska@wp.pl
196,Hanna,Kurasiewicz,884155138,Kurasiewicz2854@interia.pl
197,Antonina,Krześniak,606244026,Krzesniak.An@wp.pl
198,Nela,Wilińska,503646970,Nela.Wilinska@gmail.com
199,Jakub,Idziak,882921069,Idziak.Jaku@wp.pl
200,Miłosz,Johansson,736482710,MiloszJohansson@gmail.com
201,Amelia,Mardyła,691506025,Mardyla.Amel@gmail.com
202,Wiktoria,Pawełczak,881421470,Pawelczak.Wiktoria@interia.pl
203,Florentyna,Szaniecka,693578109,Florentyna.Szan@wp.pl
204,Mikołaj,Banasiak,517840495,Mikolaj3572@gmail.com
205,Henryk,Koko,698575999,Koko.Henryk@o2.pl
206,Marcelina,Utko,511995688,Utko.Marcelina@gmail.com
207,Aleksander,Godlewski,697655200,AleksanderGodlewski@interia.pl
208,Karolina,Bubak,668010668,KarolinaBubak@gmail.com
209,Adam,Malung,601853418,Adam9574@onet.pl
210,Antonina,Kamińska,692911795,Antonina9428@onet.pl
211,Aleksander,Wilda,695161049,Wilda.Al@gmail.com
212,Marcel,Klepacz,518223113,Marcel.Klepacz@onet.pl
213,Nicola,Urbańczyk,785302084,Urbanczyk.Nicola@wp.pl
214,Zofia,Kusiak,698557202,Kusiak.Zofia@gmail.com
215,Hanna,Raszpla,738165386,Hanna.Raszpla@o2.pl
216,Bruno,Wojciechowski,514941167,Bruno.Wojciechowski@onet.pl
217,Lena,Starosta,602711756,Lena7841@interia.pl
218,Jan,Szuba,575193624,Szuba.Jan@gmail.com
219,Róża,Malinowska,793252395,Roza7122@wp.pl
220,Filip,Kusiak,884682572,Filip.Kusiak@wp.pl
221,Marta,Lach,456645821,MartaLach@wp.pl
222,Adrianna,Cupiał,537240131,AdriannaCupial@o2.pl
223,Maja,Dominiczak,603124844,Dominiczak.Maja@gmail.com
224,Michał,Okoń,451027078,Okon.Mic@gmail.com
225,Oliwier,Kłys,538627001,KlysOliwier@gmail.com
226,Agnieszka,Kowalewska,578346337,Agnieszka.Kowalewska@gmail.com
227,Amelia,Grądzik,732457579,Amelia.Gradzik@gmail.com
228,Wojciech,Kowolik,518865923,KowolikWojciech@gmail.com
229,Julia,Biernat,731708648,Biernat.Julia@onet.pl
230,Iga,Łukowicz,536906091,Lukowicz.Iga@o2.pl
231,Leo,Przybyłek,517230072,Przybylek.Leo@gmail.com
232,Paulina,Malinowska,792438902,MalinowskaPaulina@wp.pl
233,Blanka,Sołogub,578532997,Blanka.Sologub@onet.pl
234,Wojciech,Pawłowski,571602066,Pawlowski.Wojciech@o2.pl
235,Marcel,Szabunio,453847612,Marcel6202@gmail.com
236,Justyna,Czapiga,538220438,CzapigaJustyna@wp.pl
237,Igor,Domański,735080559,Igor.Domanski@gmail.com
238,Oliwier,Kopczyński,663758781,Oliwier2324@interia.pl
239,Wanda,Łuckiewicz,723885413,Wanda8712@gmail.com
240,Julia,Nowakowicz,455508160,Julia5592@gmail.com
241,Leon,Lewandowski,737566170,Lewandowski4481@wp.pl
242,Alena,Patton,661015257,Patton2991@gmail.com
243,Anna,Mosakowska,531335343,Anna.Mosakowska@gmail.com
244,Iga,Bubnowicz,884496077,IgaBubnowicz@gmail.com
245,Wojciech,Przybyła,452945514,Przybyla.Wojciech@o2.pl
246,Liliana,Lip,573175497,LilianaLip@gmail.com
247,Łucja,Dyminczuk,694510614,Lucja3029@gmail.com
248,Łucja,Płóciennik,798371079,LucjaPlociennik@wp.pl
249,Leon,Popławski,606156826,Poplawski.Leon@gmail.com
250,Klara,Bąkowska,511187323,BakowskaKlara@interia.pl
251,Nikodem,Ruciński,782679246,Rucinski.Niko@o2.pl
252,Zofia,Gręda,885949069,GredaZofia@wp.pl
253,Jakub,Merło,781029557,Jakub7839@interia.pl
254,Tomasz,Sokołowski,788790848,Sokolowski.To@gmail.com
255,Zofia,Fryga,793168515,Fryga1545@gmail.com
256,Kordian,Sobczyk,798515474,Sobczyk7699@o2.pl
257,Alicja,Kisielewicz,722825796,Alicja.Kisielewicz@gmail.com
258,Laura,Gruszczyńska,536523419,Laura.Grus@o2.pl
259,Jan,Winkowski,512083833,WinkowskiJan@o2.pl
260,Dawid,Musioł,796661431,Musiol.Dawi@gmail.com
261,Anna,Ofiara,457657286,Anna.Ofiara@o2.pl
262,Mikołaj,Skoniecki,732044289,MikolajSkoniecki@o2.pl
263,Hubert,Neumann,882369406,NeumannHubert@gmail.com
264,Maksymilian,Tsishkevich,791189771,Tsishkevich333@gmail.com
265,Julia,Skałecka,884262765,SkaleckaJulia@wp.pl
266,Piotr,Wojciechowski,513132885,Wojciechowski.Piot@onet.pl
267,Aleksander,Mucha,883997874,Mucha.Aleksander@gmail.com
268,Krzysztof,Łapiński,502986970,LapinskiKrzysztof@wp.pl
269,Anastazja,Szumska,578484204,Anastazja.Szumska@gmail.com
270,Oskar,Nowak,695821072,Oskar.Nowak@onet.pl
271,Eryk,Pantoł,507753675,Pantol6648@student.pwr.edu.pl
272,Wanda,Szymańska,577488436,Szymanska.Wanda@gmail.com
273,Marcel,Domański,602813851,MarcelDomanski@o2.pl
274,Marek,Ciachera,533874099,CiacheraMarek@interia.pl
275,Franciszek,Kucharski,575192530,Kucharski8100@onet.pl
276,Teodor,Skwara,575643133,Teodor1300@wp.pl
277,Izabela,Ruchała,451904103,Ruchala1779@onet.pl
278,Apolonia,Dybczyńska,531018940,Apolonia.Dyb@gmail.com
279,Antonina,Zarzycka,734375888,Antonina.Zar@interia.pl
280,Zofia,Hyży,571007771,Zofia.Hyzy@gmail.com
281,Amelia,Jany,793915282,Amelia7448@wp.pl
282,Emilia,Klimczyk,735652808,Klimczyk761@gmail.com
283,Hubert,Stawarz,787019119,Stawarz.Hubert@gmail.com
284,Milena,Górska,734124613,Milena.Gors@gmail.com
285,Łucja,Gwóźdź,792179844,Gwozdz.Luc@wp.pl
286,Zuzanna,Maszner,787341774,Maszner.Zuzanna@wp.pl
287,Igor,Mrotek,722975840,MrotekIgor@o2.pl
288,Laura,Wieczorek,508610262,Laura.Wieczorek@onet.pl
289,Solomiia,Szymańska,697422355,Szymanska8293@gmail.com
290,Miłosz,Barć,506897818,Barc.Milosz@gmail.com
291,Sofiia,Dudek,723524551,Sofiia.Dude@onet.pl
292,Ewa,Olszewska,536681855,OlszewskaEwa@wp.pl
293,Kacper,Sobólski,502600207,Sobolski6009@interia.pl
294,Ida,Krajewska,796540335,Ida.Krajewska@wp.pl
295,Hanna,Wysocka,696669426,WysockaHanna@wp.pl
296,Klara,Dubaniowska,886319905,Klara.Dub@wp.pl
297,Gabriel,Streicher,733949393,StreicherGabriel@interia.pl
298,Michalina,Gałczyńska,605587032,GalczynskaMichalina@gmail.com
299,Franciszek,Marciniak,792518482,Franciszek8002@interia.pl
300,Zofia,Paczyńska,786715579,Paczynska7422@gmail.com
301,Wiktor,Borek,722979327,Borek.Wik@wp.pl
302,Magdalena,Świerczek,451420748,Swierczek.Magdalena@wp.pl
303,Nikodem,Wierzchowski,884304303,Wierzchowski1714@gmail.com
304,Emilia,Kurzątkowska,721106345,Kurzatkowska9377@onet.pl
305,Nikodem,Dorna,575012356,NikodemDorna@gmail.com
306,Marcelina,Łukasik,796646515,MarcelinaLukasik@onet.pl
307,Wiktoria,Glenc,503278015,Glenc4568@gmail.com
308,Apolonia,Gniot,535660640,Apolonia.Gni@onet.pl
309,Gleb,Koźmiński,786396089,Gleb1458@gmail.com
310,Anastazja,Nowakowska,695106932,Nowakowska.Anastazja@interia.pl
311,Nathan,Jasiński,532003817,Jasinski2309@gmail.com
312,Tymon,Borzym,575147292,Tymon.Bor@gmail.com
313,Florian,Janczewski,534277219,Florian.Janc@onet.pl
314,Agata,Jabłońska,535937980,AgataJablonska@onet.pl
315,Janina,Bednarz,502872630,Bednarz.Jani@o2.pl
316,Kuba,Woźniak,737795471,KubaWozniak@onet.pl
317,Stella,Piątkowska,782659879,PiatkowskaStella@wp.pl
318,Zlata,Łuczyk,451638099,Zlata.Luc@wp.pl
319,Marcelina,Matczuk,885971327,Matczuk.Marcelina@gmail.com
320,Julia,Wienconek,514777680,JuliaWienconek@gmail.com
321,Klara,Kalinowska,577767274,KalinowskaKlara@onet.pl
322,Hanna,Bęben,601927207,Beben.Hanna@gmail.com
323,Marcel,Skoczylas,791850319,MarcelSkoczylas@interia.pl
324,Olivia,Błaszkiewicz,661768865,Olivia.Bla@wp.pl
325,Witold,Marszałek,693258430,WitoldMarszalek@wp.pl
326,Maria,Osobińska,793659472,Osobinska2918@wp.pl
327,Lena,Kobza,573759891,Lena.Kobza@wp.pl
328,Aleksandra,Adamczak,503185400,Aleksandra.Adamczak@gmail.com
329,Natan,Kęsik,536149437,KesikNatan@gmail.com
330,Nikodem,Stachowiak,607506362,Nikodem.Sta@onet.pl
331,Hanna,Jabłońska,518288040,JablonskaHanna@gmail.com
332,Kamila,Fira,501316365,Fira469@onet.pl
333,Nela,Stramska,455112398,Stramska.Nel@wp.pl
334,Zofia,Prędka,721781990,PredkaZofia@gmail.com
335,Milena,Piasta,602315423,MilenaPiasta@onet.pl
336,Luiza,Lenartowicz,792263391,Luiza.Lena@onet.pl
337,Jagoda,Opiła,511670256,JagodaOpila@gmail.com
338,Iga,Bandosz,731486315,IgaBandosz@o2.pl
339,Luiza,Vu,796210653,Luiza2044@wp.pl
340,Milena,Fijałkowska,793860149,Milena.Fij@gmail.com
341,Rozalia,Bilewicz,458513632,Rozalia6738@onet.pl
342,Jan,Górny,454306001,JanGorny@wp.pl
343,Michalina,Rupniewska,517430932,Rupniewska.Michalina@interia.pl
344,Hubert,Pancer,534795778,Pancer.Hube@wp.pl
345,Gabriela,Skonieczna,737203921,Skonieczna.Ga@wp.pl
346,Alicja,Dąbrowska,783642171,AlicjaDabrowska@wp.pl
347,Maksymilian,Błaszczyk,501681243,Maksymilian.Blaszczyk@interia.pl
348,Witold,Lizoń,456524410,Witold8503@onet.pl
349,Amelia,Chodakowska,575978759,Chodakowska1263@wp.pl
350,Mieszko,Siwak,574494165,Mieszko5395@wp.pl
351,Wiktor,Jankowski,797504019,Wiktor9021@gmail.com
352,Alicja,Szumigaj,794137650,Szumigaj.Alicja@gmail.com
353,Rita,Mizera,573908834,Mizera.Rita@wp.pl
354,Karolina,Gręda,723245078,Karolina.Gred@gmail.com
355,Dawid,Raczyński,798731678,Dawid7763@onet.pl
356,Oliwier,Zawadzki,538145208,Zawadzki.Oliwier@wp.pl
357,Pola,Gomółka,662230939,Gomolka5847@gmail.com
358,Kazimierz,Biedroń,458700668,Biedron.Kazimierz@wp.pl
359,Leo,Nastaga,726878050,Leo.Nast@interia.pl
360,Borys,Żołdowicz,881049921,Zoldowicz.Borys@wp.pl
361,Leon,Dziewulski,736636340,Leon.Dziewulski@gmail.com
362,Maria,Tur,602820016,Tur.Mar@onet.pl
363,Jagoda,Raguza,667521985,Raguza2567@gmail.com
364,Solomiia,Imiela,784947623,SolomiiaImiela@gmail.com
365,Julia,Długosz,785535446,Julia.Dlu@onet.pl
366,Piotr,Melnyk,793458305,MelnykPiotr@onet.pl
367,Kaja,Górowska,537869335,Kaja6193@wp.pl
368,Nikodem,Popielnicki,663192298,PopielnickiNikodem@o2.pl
369,Emilia,Pietrykowska,503196894,Pietrykowska.Emi@gmail.com
370,Gaja,Olejniczak,668405134,Olejniczak.Gaja@wp.pl
371,Anna,Niemiec,724295677,Anna3793@wp.pl
372,Witold,Micał,502983717,WitoldMical@wp.pl
373,Zuzanna,Dygas,668017255,Dygas5348@gmail.com
374,Polina,Bobyk,574471259,Polina5617@gmail.com
375,Pola,Beresińska,601635967,Beresinska.Pola@gmail.com
376,Kornel,Rymarz,601367875,Kornel.Rymarz@o2.pl
377,Stanisław,Grabowski,787968255,GrabowskiStanislaw@wp.pl
378,Emilia,Jadczyszyn,504016565,JadczyszynEmilia@gmail.com
379,Kamila,Żyłka,888692050,ZylkaKamila@wp.pl
380,Martyna,Kawka,726911951,MartynaKawka@onet.pl
381,Tomasz,Woronicz,666338815,TomaszWoronicz@gmail.com
382,Laura,Duraj,881203212,Duraj9063@interia.pl
383,Jakub,Urbański,882959186,Urbanski.Jakub@wp.pl
384,Maria,Ryńska,513564030,Rynska4354@wp.pl
385,Milana,Nowicka,455184919,NowickaMilana@gmail.com
386,Franciszek,Majchrzak,578314595,FranciszekMajchrzak@interia.pl
387,Witold,Błoński,731740844,Blonski.Wi@gmail.com
388,Zuzanna,Bartczak,516233961,BartczakZuzanna@onet.pl
389,Jan,Fronk,786322554,Fronk.Jan@wp.pl
390,Mikołaj,Przywara,506060234,Przywara.Mikolaj@gmail.com
391,Anastazja,Stanałowska,512130257,AnastazjaStanalowska@gmail.com
392,Lena,Gołębiewska,577676399,Lena7112@gmail.com
393,Veronika,Tyska,793861432,Veronika.Tyska@onet.pl
394,Marek,Szumilas,532311048,Szumilas.Marek@o2.pl
395,Nikodem,Dąbek,886816176,DabekNikodem@onet.pl
396,Franciszek,Nowiński,691902178,FranciszekNowinski@gmail.com
397,Miłosz,Kowalczyk,881214316,Milosz.Kowalczyk@o2.pl
398,Jan,Skupień,698469379,Jan8906@wp.pl
399,Illia,Boryta,736821493,Boryta.Illi@wp.pl
400,Liwia,Sowa,732276903,Liwia.Sowa@gmail.com
401,Maja,Kiełbowicz,695691828,MajaKielbowicz@gmail.com
402,Nikodem,Czarnik,517106698,Nikodem.Czarnik@o2.pl
403,Daniel,Żmuda,668561935,Daniel.Zmud@interia.pl
404,Jagoda,Kopeć,691125964,Kopec.Ja@gmail.com
405,Mateusz,Walczak,601582680,Walczak.Ma@onet.pl
406,Zofia,Woźniak,796928388,ZofiaWozniak@o2.pl
407,Kaja,Sidor,723393930,Kaja.Sid@wp.pl
408,Thea,Gajdamowicz,531176746,Gajdamowicz.Thea@gmail.com
409,Laura,Dąbska,574344755,Dabska.Laura@gmail.com
410,Leon,Romejko,512806653,Leon.Rom@wp.pl
411,Tomasz,Storozhenko,604345047,Storozhenko.Toma@gmail.com
412,Leon,Świnicki,722910230,LeonSwinicki@gmail.com
413,Wiktoria,Staśkiewicz,602502086,Wiktoria.Stas@o2.pl
414,Krzysztof,Siekierko,512039924,Krzysztof9738@wp.pl
415,Eryk,Wolniewicz,797727770,WolniewiczEryk@gmail.com
416,Hubert,Osuch,723331941,Osuch.Hub@gmail.com
417,Artur,Hęciak,728041313,Heciak6147@wp.pl
418,Tymon,Pawluczuk,518303298,PawluczukTymon@gmail.com
419,Diana,Hyrlik,728378740,Hyrlik8688@wp.pl
420,Stefania,Zakrzewska,788414881,StefaniaZakrzewska@wp.pl
421,Mia,Klatka,885195140,Mia910@wp.pl
422,Lena,Król,608776789,Krol8177@gmail.com
423,Pola,Kajdaniak,721326339,PolaKajdaniak@gmail.com
424,Melaniia,Daly,782331126,Daly.Melaniia@onet.pl
425,Helena,Nowok,603364851,HelenaNowok@wp.pl
426,Nikodem,Kot,511980072,NikodemKot@wp.pl
427,Jakub,Kordas,667605049,KordasJakub@gmail.com
428,Alicja,Mock,695187590,MockAlicja@wp.pl
429,Maja,Śledź,698873185,Sledz3219@o2.pl
430,Aniela,Bruszczak,531174922,Aniela.Bruszczak@onet.pl
431,Maja,Zielińska,503087312,MajaZielinska@onet.pl
432,Aniela,Mularz,508987545,Aniela.Mularz@interia.pl
433,Laura,Banach,695374711,Banach.Lau@onet.pl
434,Michał,Świerad,517377600,Michal6609@wp.pl
435,August,Stręk,792300555,August.Stre@wp.pl
436,Paweł,Fabicki,881304417,Pawel2963@wp.pl
437,Jan,Grabowski,531586449,GrabowskiJan@gmail.com
438,Nina,Zarzeczna,606169936,Zarzeczna.Nina@wp.pl
439,Natan,Wróblewski,601550665,Natan5697@interia.pl
440,Bartosz,Tomczak,518067946,Tomczak.Bartosz@onet.pl
441,Rozalia,Rzeźnikiewicz,736430279,Rozalia401@wp.pl
442,Helena,Żak,458105351,Helena1127@wp.pl
443,Bartosz,Ostrówka,514317810,Bartosz.Ostrowka@interia.pl
444,Aleksander,Załęski,663417341,Aleksander.Zal@wp.pl
445,Radosław,Klimczak,887370176,KlimczakRadoslaw@onet.pl
446,Hanna,Kołdon,696473436,HannaKoldon@wp.pl
447,Kornel,Nowak,603369989,Nowak.Kornel@gmail.com
448,Laura,Szcześniak,512601046,Laura.Szczesniak@gmail.com
449,Lena,Konieczna,604860201,Lena5499@interia.pl
450,Adrian,Wróbel,515853323,AdrianWrobel@wp.pl
451,Zofia,Kosecka,535926422,Kosecka9617@onet.pl
452,Lucjan,Sysoiev,513871745,Lucjan.Sysoiev@gmail.com
453,Szymon,Łoboziak,782217031,Loboziak.Szymon@o2.pl
454,Nadia,Czarnecka,572211351,Czarnecka.Nadia@onet.pl
455,Gracjan,Dominiak,607121130,Dominiak.Gracjan@o2.pl
456,Iga,Kocoń,508563887,Iga9674@gmail.com
457,Emilia,Kłopotowska,784114146,EmiliaKlopotowska@gmail.com
458,Milena,Elżbieciak,573664830,MilenaElzbieciak@gmail.com
459,Oleksandra,Frącz,726655757,OleksandraFracz@gmail.com
460,Artur,Nowosielski,506743394,Artur.Nowo@interia.pl
461,Adrianna,Sadłowska,666970331,AdriannaSadlowska@gmail.com
462,Piotr,Orłowski,666665828,Piotr.Orlowski@gmail.com
463,Ilja,Zięcik,572555288,Ziecik.Ilj@gmail.com
464,Tymon,Syrokosz,515243807,TymonSyrokosz@gmail.com
465,Ignacy,Łuszczak,513023443,Luszczak.Ignacy@wp.pl
466,Matvii,Cybulski,662885343,Matvii.Cyb@o2.pl
467,Mikołaj,Brauer,667401186,BrauerMikolaj@wp.pl
468,Milena,Bator,887767448,Bator.Mil@gmail.com
469,Nel,Ochenduszko,786401033,Nel8054@wp.pl
470,Paweł,Kanadys,887423470,Pawel.Kanadys@wp.pl
471,Bartosz,Supiński,572059697,Bartosz.Supinski@onet.pl
472,Oliwia,Bobel,734881261,Oliwia6502@gmail.com
473,Daniella,Łabuda,517311015,Daniella.Labuda@gmail.com
474,Yana,Onyszczak,572178558,Yana.Ony@wp.pl
475,Karol,Krzykowski,573998106,KarolKrzykowski@gmail.com
476,Adam,Czerny,881566821,Czerny.Ad@onet.pl
477,Joanna,Kołdyj,723794195,Koldyj.Joanna@gmail.com
478,Olivia,Gruszka,721166832,Olivia.Gru@gmail.com
479,Amelia,Gruchała,537154184,Gruchala7687@gmail.com
480,Zofia,Sokołowska,788987915,Sokolowska.Zofia@o2.pl
481,Mira,Wojewoda,697315103,Mira2358@gmail.com
482,Jan,Kowalski,533185966,Kowalski.Jan@gmail.com
483,Witold,Piotrowski,606264698,PiotrowskiWitold@gmail.com
484,Amelia,Rytwińska,695125169,AmeliaRytwinska@gmail.com
485,Maria,Hildt,791199301,Hildt.Ma@onet.pl
486,Oskar,Kaczkan,504248948,Oskar4164@o2.pl
487,Anna,Nowak,603099113,Nowak3944@gmail.com
488,Borys,Nowak,788171992,Nowak.Bor@o2.pl
489,Martyna,Rutkowska,732548327,Rutkowska.Martyna@wp.pl
490,Alexandre,Rutkowski,782826157,Alexandre2187@onet.pl
491,Paweł,Kołodziejczyk,721553463,Pawel7123@gmail.com
492,Antoni,Marin,884343052,Antoni2088@gmail.com
493,Viktor,Szydłowski,793980504,SzydlowskiViktor@interia.pl
494,Wiktoria,Kajfasz,457642936,Wiktoria.Kajfasz@onet.pl
495,Dominik,Dańczak,662762440,Dominik.Danc@onet.pl
496,Hanna,Nowakowska,736140003,Hanna.Nowa@onet.pl
497,Mark,Myśliwiec,667165893,Mysliwiec.Mark@wp.pl
498,Małgorzata,Peszke,886500632,Malgorzata.Peszke@wp.pl
499,Makar,Tabin,536667927,Tabin.Mak@gmail.com
500,Julia,Wałecka,604081198,Julia.Wal@gmail.com
501,Lena,Rzęchowska,576312292,Rzechowska8971@interia.pl
502,Marek,Cuber,698334155,Marek1267@o2.pl
503,Iga,Daniszewska,782087467,IgaDaniszewska@onet.pl
504,Antoni,Kopcza,735752881,Antoni.Kop@onet.pl
505,Laura,Lavrynenko,454122126,LavrynenkoLaura@o2.pl
506,Pola,Grodzka,738936029,Grodzka.Pola@onet.pl
507,Stanisław,Majka,608615005,Majka.St@gmail.com
508,Jagna,Megger,452298754,Megger2701@onet.pl
509,Natalia,Kujawa,793635658,Natalia.Kuj@onet.pl
510,Alisa,Cichowicz,603550918,Alisa7240@wp.pl
511,Amina,Misala,458816149,Amina.Misa@gmail.com
512,Szymon,Brodziak,787511911,Brodziak.Szymon@gmail.com
513,Lena,Marzec,537366403,Lena3796@gmail.com
514,Dagmara,Michalska,516285813,Dagmara.Michalska@wp.pl
515,Zuzanna,Rolka,722450546,Rolka.Zu@wp.pl
516,Adam,Zawadzki,737345519,Zawadzki.Adam@wp.pl
517,Oliwier,Romanowski,665671832,Oliwier2858@wp.pl
518,Maja,Karwowska,696229920,MajaKarwowska@gmail.com
519,Filip,Adamski,793041745,FilipAdamski@gmail.com
520,Emilia,Szpak,887410956,Emilia.Szpak@onet.pl
521,Wojciech,Szalbierz,793517794,Wojciech.Szalbierz@onet.pl
522,Tomasz,Błaszczyk,737626134,Tomasz7950@onet.pl
523,Apolonia,Rachubka,696553047,RachubkaApolonia@gmail.com
524,Laura,Kołodziej,666280600,Kolodziej1639@wp.pl
525,Liliana,Wawrzyniak,507720721,Liliana.Waw@onet.pl
526,Daniel,Jasiński,667105434,Jasinski.Dani@gmail.com
527,Kacper,Wójtowicz,794353688,KacperWojtowicz@onet.pl
528,Teresa,Bodzioch,794050463,TeresaBodzioch@wp.pl
529,Zuzanna,Wilga,515060332,WilgaZuzanna@gmail.com
530,Milena,Hat,693384324,Hat.Milena@gmail.com
531,Milena,Kaczmarek,572207227,KaczmarekMilena@onet.pl
532,Pola,Deptalska,668228984,Deptalska8900@gmail.com
533,Kaja,Szewczyk,724700651,Szewczyk.Ka@onet.pl
534,Maja,Bilska,663867673,MajaBilska@gmail.com
535,Jakub,Kotyla,784297109,Kotyla.Ja@o2.pl
536,Zofia,Grass,798837481,Zofia.Gra@wp.pl
537,Kuba,Kos,782431207,Kuba.Kos@o2.pl
538,Kornelia,Janczak,881265485,Janczak.Kornelia@gmail.com
539,Aleksandra,Pisera,691587203,Pisera3733@gmail.com
540,Liliana,Trzupek,516906847,Liliana2073@onet.pl
541,Nikodem,Bykowski,693392226,Bykowski.Ni@wp.pl
542,Marcelina,Piotrowska,728521072,MarcelinaPiotrowska@onet.pl
543,Zofia,Klimek,788758748,ZofiaKlimek@wp.pl
544,Wojciech,Dąbrowski,513306076,WojciechDabrowski@o2.pl
545,Robert,Markiewicz,505682982,Markiewicz4788@wp.pl
546,Filip,Bala,727870927,Filip.Bala@wp.pl
547,Klara,Smaczyńska,886047474,Klara.Smac@gmail.com
548,Jakub,Goraj,532476256,Goraj.Jakub@wp.pl
549,Emily,Kulesa,577941846,Emily.Kule@onet.pl
550,Jan,Pęcak,665517011,Pecak.Jan@wp.pl
551,Maksymilian,Jędruchów,723282672,Jedruchow8200@wp.pl
552,Bogusław,Starzec,736285117,StarzecBoguslaw@gmail.com
553,Aleksander,Kurdziel,727395865,Aleksander.Kurdziel@gmail.com
554,Ignacy,Murawski,735528379,Murawski.Ignacy@onet.pl
555,Kacper,Antkowicz,738955169,AntkowiczKacper@o2.pl
556,Krzysztof,Wasilewski,604900146,Krzysztof.Wasilewski@o2.pl
557,Leo,Postek,697763097,PostekLeo@interia.pl
558,Patryk,Bardziejewski,517507044,PatrykBardziejewski@onet.pl
559,Nikodem,Ogórek,696859058,Ogorek.Niko@gmail.com
560,Karolina,Paleczna,691062800,PalecznaKarolina@wp.pl
561,Franciszek,Nazarkiewicz,572817216,NazarkiewiczFranciszek@gmail.com
562,Szymon,Branc,666993582,Branc.Szymon@gmail.com
563,Vitalina,Biela,578368977,Biela.Vit@wp.pl
564,Milan,Megger,517254901,Megger.Milan@gmail.com
565,Remigiusz,Sobański,884958023,Remigiusz.Sobanski@wp.pl
566,Angelina,Kamińska,722171632,Kaminska.Angelina@gmail.com
567,Gabriela,Szczygieł,698514412,Szczygiel.Gabriela@gmail.com
568,Pola,Szyińska,538180049,Pola.Szyinska@onet.pl
569,Marianna,Szadurska,721484188,Szadurska.Marianna@wp.pl
570,Jakub,Szupień,787536455,Jakub.Szup@interia.pl
571,Oliwia,Klęczaj,794725773,Kleczaj4563@interia.pl
572,Anna,Chojnacka,888055420,AnnaChojnacka@o2.pl
573,Anastazja,Michalska,793626158,Anastazja6821@interia.pl
574,Oliwier,Głośniak,536592835,Oliwier.Glosniak@onet.pl
575,Mark,Zhylin,506636397,Mark.Zhyl@gmail.com
576,Igor,Werner,738602678,Werner.Igor@wp.pl
577,Antonina,Zbrońska,503639594,Zbronska.Anto@onet.pl
578,Zofia,Ratułowska,884163814,ZofiaRatulowska@wp.pl
579,Bianka,Lorc,531986960,LorcBianka@gmail.com
580,Hugo,Rocki,785857671,Rocki.Hug@o2.pl
581,Artur,Tkocz,454289618,Tkocz.Artu@gmail.com
582,Diana,Lech,577058000,Diana.Lech@gmail.com
583,Róża,Rolnik,732573628,Roza.Roln@onet.pl
584,Eliasz,Korporowicz,534484990,Eliasz.Kor@interia.pl
585,Hanna,Dębiak,781787118,Debiak.Hann@gmail.com
586,Zoja,Czarnecka,504013281,Zoja.Czar@gmail.com
587,Tymoteusz,Mateńka,881603034,Matenka5926@wp.pl
588,Franciszek,Włodarczyk,606516734,Wlodarczyk1023@interia.pl
589,Aleksander,Dziurlikowski,666412199,Aleksander9184@gmail.com
590,Gabriel,Bury,887132566,Gabriel.Bury@gmail.com
591,Adam,Harkusha,602279441,Adam.Hark@wp.pl
592,Viktor,Adamski,785221210,Viktor.Adamski@onet.pl
593,Marcel,Pietrewicz,458809033,Marcel5953@onet.pl
594,Lara,Grzeszczak,513035627,Lara.Grz@gmail.com
595,Laura,Ładocha,666243841,Laura.Lad@wp.pl
596,Mikołaj,Subbota,511900799,Subbota.Mikolaj@wp.pl
597,Kornelia,Janecka,535329564,Janecka.Kornelia@interia.pl
598,Natalia,Łukaszewska,511453368,LukaszewskaNatalia@wp.pl
599,Jan,Madura,455106101,Jan.Madura@onet.pl
600,Amelia,Kamińska,457433730,AmeliaKaminska@wp.pl
601,Amelia,Kuloza,533403134,Amelia.Kuloza@onet.pl
602,Bartłomiej,Burec,782792400,BartlomiejBurec@onet.pl
603,Ada,Drab,786951155,AdaDrab@gmail.com
604,Nikodem,Paszkiewicz,693800094,Paszkiewicz.Nikodem@wp.pl
605,Iga,Trela,783421109,Iga6344@wp.pl
606,Zofia,Łojek,784008417,LojekZofia@onet.pl
607,Dina,Gwoździkowska,503713310,Gwozdzikowska.Dina@gmail.com
608,Zuzanna,Kozłowska,513851863,Zuzanna3979@o2.pl
609,Laura,Nastały,697316136,Laura.Nas@o2.pl
610,Franciszek,Biryło,608097412,Franciszek.Birylo@gmail.com
611,Matylda,Ostrowska,666927041,Matylda.Ost@onet.pl
612,Michalina,Widomska,513900728,Widomska7541@o2.pl
613,Stanisław,Rybalka,504848592,Stanislaw.Rybalka@onet.pl
614,Liliana,Pietraszko,572231517,Liliana.Pietraszko@onet.pl
615,Hanna,Ryznar,664174332,Hanna.Ryznar@wp.pl
616,Alicja,Straszok,504930483,StraszokAlicja@onet.pl
617,Amelia,Gutkowska,733124442,Amelia.Gutkowska@wp.pl
618,Bartłomiej,Rewa,534717031,Rewa.Bartlomiej@gmail.com
619,Leon,Nieużyła,796547876,Nieuzyla8935@gmail.com
620,Oliwia,Krawczyk,575118425,Krawczyk5204@onet.pl
621,Zofia,Kudłacz,882942333,ZofiaKudlacz@wp.pl
622,Aleksander,Chwała,535098476,Chwala3942@gmail.com
623,Aleksander,Białkowski,456913438,Aleksander5845@gmail.com
624,Emilia,Bielawa,725043394,Emilia5454@gmail.com
625,Aleksander,Litwin,605888686,LitwinAleksander@gmail.com
626,Bartosz,Handera,661992314,Handera.Bartosz@wp.pl
627,Oliwia,Szewczyk,694157079,Oliwia1455@gmail.com
628,Jan,Szostak,667985309,Szostak.Jan@wp.pl
629,Adela,Ratajczyk,693585853,Ratajczyk.Adel@gmail.com
630,Filip,Ślęzak,531987760,Slezak.Filip@onet.pl
631,Michał,Zander,605966294,Zander.Michal@gmail.com
632,Kacper,Godun,721374896,Kacper6756@interia.pl
633,Amalia,Czarnecka,661300868,Czarnecka8671@gmail.com
634,Marcelina,Kwiek,738530701,Kwiek.Mar@onet.pl
635,Leon,Lewandowski,501462004,LewandowskiLeon@gmail.com
636,Victoria,Jadeszko,884364994,Jadeszko.Vict@interia.pl
637,Laura,Gancarska,453517488,Gancarska.Laura@onet.pl
638,Laura,Molenda,663994906,Molenda.La@gmail.com
639,Julia,Pawelec,796026289,Julia.Pawelec@gmail.com
640,Agata,Krawczyk,607547753,Agata.Kraw@o2.pl
641,Pola,Kurowicka,695003994,Pola3122@gmail.com
642,Lena,Hans,578013609,Hans.Le@onet.pl
643,Gracjan,Kubis,532882152,Gracjan863@o2.pl
644,Zofia,Makowska,794923482,Makowska.Zofia@gmail.com
645,Alicja,Kurantowicz,725514210,KurantowiczAlicja@onet.pl
646,Laura,Mysiorska,786245459,MysiorskaLaura@wp.pl
647,Liam,Gołębiewski,692390453,GolebiewskiLiam@onet.pl
648,Izabella,Baryga,738172620,IzabellaBaryga@gmail.com
649,Nikola,Kudlek,726570709,Nikola.Kudl@gmail.com
650,Lena,Turaj,785121871,Lena8181@onet.pl
651,Nikodem,Biegański,578084993,BieganskiNikodem@o2.pl
652,Emilia,Długosz,731037865,Emilia.Dlug@wp.pl
653,Cezary,Krauza,536980715,Cezary4555@wp.pl
654,Stanisław,Smoleń,696091949,Stanislaw.Smolen@onet.pl
655,Tobiasz,Witt,572691955,TobiaszWitt@gmail.com
656,Emil,Sićko,692387646,Sicko.Emil@onet.pl
657,Leon,Grzebski,503962512,LeonGrzebski@gmail.com
658,Hanna,Baum,575599148,Baum.Hanna@onet.pl
659,Aleksandra,Kansy,667124257,Kansy2027@o2.pl
660,Jan,Kowalski,664729589,Kowalski.Jan@gmail.com
661,Anastazja,Wieczorkowska,792423416,AnastazjaWieczorkowska@o2.pl
662,Daryna,Puchalska,456723533,Daryna.Puch@wp.pl
663,Jakub,Latusek,574815422,Latusek.Jaku@gmail.com
664,Leon,Lewandowski,797642547,Lewandowski7733@gmail.com
665,Hanna,Batyra,513120107,Batyra.Hanna@gmail.com
666,Nikodem,Aronowicz,662621264,Nikodem4956@wp.pl
667,Oliwia,Folek,517124858,OliwiaFolek@gmail.com
668,Maja,Magosa,698216121,Magosa2712@gmail.com
669,Hubert,Krzaczyński,534820083,Krzaczynski.Hub@onet.pl
670,Amelia,Balik,787854005,AmeliaBalik@onet.pl
671,Hanna,Kasprzykowska,784237549,Hanna.Kasp@wp.pl
672,Juliusz,Charzewski,537613975,Juliusz7467@wp.pl
673,Ksawery,Tokarski,794700232,Tokarski.Ksa@gmail.com
674,Diana,Połchowska,534631092,PolchowskaDiana@onet.pl
675,Miłosz,Marynov,698167753,Milosz.Mar@onet.pl
676,Victor,Uszyński,512232900,Victor818@gmail.com
677,Klara,Bogdoł,797533072,Klara.Bogdol@gmail.com
678,Ignacy,Erdmann,782809073,IgnacyErdmann@gmail.com
679,Anastazja,Domagała,663389345,AnastazjaDomagala@gmail.com
680,Michalina,Krupa,733106788,KrupaMichalina@o2.pl
681,Jan,Raczek,532906158,JanRaczek@onet.pl
682,Zofia,Bocz,537515730,Zofia.Bocz@wp.pl
683,Pola,Stańczak,503951400,PolaStanczak@onet.pl
684,Tymon,Redmerski,735127992,Tymon9796@wp.pl
685,Feliks,Pepłowski,786893765,FeliksPeplowski@gmail.com
686,Olaf,Barabach,518410140,BarabachOlaf@interia.pl
687,Aleksander,Dobosz,578655565,Aleksander.Dobosz@onet.pl
688,Amelia,Kasprzyk,882275112,Kasprzyk.Am@o2.pl
689,Miłosz,Zakrzewski,732184742,Milosz6924@gmail.com
690,Eliza,Michałek,726057138,Michalek.Eliz@onet.pl
691,Bartosz,Turczyn,577116143,Bartosz.Turczyn@interia.pl
692,Laura,Kwiatek,515851874,Laura.Kwia@wp.pl
693,Emilia,Politowska,458831900,Politowska.Emilia@gmail.com
694,Zuzanna,Vorona,603830495,Vorona.Zuza@interia.pl
695,Jakub,Zieliński,574037281,Zielinski.Jakub@onet.pl
696,Emilia,Czachowska,785401432,Czachowska.Em@o2.pl
697,Szymon,Ciechanowicz,514786216,Ciechanowicz.Szym@onet.pl
698,Borys,Spiralski,696693625,SpiralskiBorys@student.pwr.edu.p
699,Mikołaj,Drygalski,885794196,Mikolaj440@onet.pl
700,Klara,Fifer,693043163,Klara251@interia.pl
701,Niklas,Kasperczak,454246664,Kasperczak8502@gmail.com
702,Laura,Miśkiewicz,603601513,Laura6543@wp.pl
703,Franciszek,Dzieża,608111475,Dzieza8843@gmail.com
704,Julia,Miemiec,787981114,Miemiec.Jul@gmail.com
705,Emilia,Dzierżyńska,535683715,Dzierzynska.Emil@wp.pl
706,Kazimierz,Walęczewski,516645192,Waleczewski.Kazi@onet.pl
707,Lucyna,Kotowska,503184906,KotowskaLucyna@gmail.com
708,Maja,Smoderek,798016019,Maja.Smoderek@onet.pl
709,Helena,Czerny,786157270,Helena.Cze@gmail.com
710,Kacper,Kosycarz,665377710,Kosycarz.Ka@wp.pl
711,Barbara,Okońska,693308311,Okonska.Barb@gmail.com
712,Teodor,Kwiatkowski,456333976,Teodor.Kwi@onet.pl
713,Tymon,Sokołowski,886794398,Sokolowski.Ty@onet.pl
714,Jakub,Dembowski,455014836,Dembowski.Ja@wp.pl
715,Marcelina,Kaczmarek,662720005,KaczmarekMarcelina@gmail.com
716,Aleksander,Opałka,575765751,Opalka.Aleksander@o2.pl
717,Dominik,Savin,792917387,Dominik1514@interia.pl
718,Aleksander,Dec,517209516,DecAleksander@interia.pl
719,Tymon,Tłoczek,575331442,TymonTloczek@wp.pl
720,Karol,Kawa,691026489,Kawa1461@onet.pl
721,Lena,Jarosz,507258270,Jarosz.Lena@wp.pl
722,Aleksandra,Majdanik,453569886,Aleksandra5417@interia.pl
723,Michalina,Kochan,536455961,Kochan.Michalina@gmail.com
724,Lena,Horczak,885503028,HorczakLena@wp.pl
725,Wiktor,Osiński,457010743,OsinskiWiktor@wp.pl
726,Iga,Chmielewska,888829285,Chmielewska.Iga@interia.pl
727,Sofia,Nehring,736783275,Nehring6812@wp.pl
728,Maksymilian,Kozera,601273582,Maksymilian.Koz@o2.pl
729,Zuzanna,Lapczyk,723475428,Zuzanna.Lapc@o2.pl
730,Julian,Grzegorczyk,607967101,Grzegorczyk.Ju@wp.pl
731,Julia,Michalska,601630501,Michalska.Julia@onet.pl
732,Antoni,Dąbrowski,695460980,Antoni1711@onet.pl
733,Marika,Jaworska,698724203,JaworskaMarika@onet.pl
734,Nela,Żarów,451316177,Nela1393@onet.pl
735,Amelia,Jaworska,452431631,Jaworska.Amelia@interia.pl
736,Zuzanna,Kołakowska,606738636,Zuzanna6248@gmail.com
737,Mia,Cieślak,456103224,Mia.Cieslak@gmail.com
738,Kacper,Tarabukin,511318717,Kacper.Tara@gmail.com
739,Matylda,Kamińska,532689531,Kaminska.Matylda@onet.pl
740,Beniamin,Tarka,798309922,Beniamin7645@wp.pl
741,Julia,Kołaczyńska,661734122,Kolaczynska3711@interia.pl
742,Weronika,Marciniak,736537477,Marciniak.Wer@onet.pl
743,Diana,Leczkowska,457736832,Leczkowska.Diana@gmail.com
744,Nikola,Wysocka,696425565,Wysocka4872@gmail.com
745,Mikołaj,Madeja,608653204,MikolajMadeja@wp.pl
746,Nela,Leisa,602470192,Leisa8607@gmail.com
747,Stanislav,Świercz,785938142,Swiercz.St@o2.pl
748,Aleksandra,Kącka,458236656,Kacka.Ale@wp.pl
749,Mariia,Stępień,503554403,Mariia.Step@interia.pl
750,Klara,Zelinska,734184526,Klara.Zel@gmail.com
751,Oskar,Wózek,531285926,Oskar.Wozek@onet.pl
752,Franciszek,Kowalik,794241073,Franciszek.Kow@onet.pl
753,Krystyna,Jędrzejko,735752287,Krystyna.Jedrzejko@wp.pl
754,Oliwia,Orzech,884973929,Oliwia.Orzech@onet.pl
755,Nadia,Kowalska,606679298,Nadia1509@interia.pl
756,Mikołaj,Rymko,537100491,Rymko.Mi@gmail.com
757,Sofia,Błaszczak,788996792,Sofia.Blas@wp.pl
758,Dmytro,Zajdel,661669229,Dmytro.Zajdel@gmail.com
759,Łukasz,Jaworski,518955752,LukaszJaworski@interia.pl
760,Helena,Kajszczak,517278047,Helena.Kaj@o2.pl
761,Oskar,Mieszkowski,885505431,Oskar.Mie@wp.pl
762,Pola,Iwanowska,515835353,Pola.Iwa@o2.pl
763,Wiktoria,Budzyna,797801223,Budzyna1626@interia.pl
764,Iga,Czop,607385730,IgaCzop@onet.pl
765,Miłosz,Staniszewski,454635687,Staniszewski7689@gmail.com
766,Róża,Dudek,692616568,DudekRoza@o2.pl
767,Pola,Gacka,692503924,Pola.Gac@onet.pl
768,Zofia,Słupczyńska,458764245,ZofiaSlupczynska@gmail.com
769,Tymoteusz,Kania,797514458,Kania.Tymoteusz@gmail.com
770,Michalina,Redlich,797427758,Michalina.Redlich@o2.pl
771,Tymoteusz,Kaliski,884685373,Kaliski7052@gmail.com
772,Yevheniia,Gręda,454814378,Yevheniia4811@gmail.com
773,Antoni,Libera,694583765,Libera9834@gmail.com
774,Maria,Mileszko,457632569,MileszkoMaria@wp.pl
775,Stanisław,Lazarek,732902400,LazarekStanislaw@onet.pl
776,Zoja,Florek,455085120,Florek.Zoj@wp.pl
777,Klara,Skarżyńska,455914549,Skarzynska.Kl@gmail.com
778,Antoni,Zielazny,885350484,Zielazny.Anto@onet.pl
779,Piotr,Karwacki,784107432,Karwacki.Pio@gmail.com
780,Pola,Hasiuk,537377887,PolaHasiuk@wp.pl
781,Olga,Olszewska,794468189,Olga840@gmail.com
782,Borys,Michalski,517791329,BorysMichalski@wp.pl
783,Filip,Słomiany,733209424,Filip5681@gmail.com
784,Lilia,Pawlukiewicz,663187932,Lilia5672@gmail.com
785,Róża,Tokarz,786786586,Tokarz4662@interia.pl
786,Marianna,Kołodziejek,577152022,Marianna5623@wp.pl
787,Zuzanna,Moczulska,691731457,Moczulska.Zuzanna@gmail.com
788,Mia,Krzyżyńska,798450236,Krzyzynska.Mia@gmail.com
789,Maja,Michalak,453626499,MajaMichalak@onet.pl
790,Ada,Kubiak,886364529,AdaKubiak@onet.pl
791,Bogdan,Bazydło,508938991,BogdanBazydlo@gmail.com
792,Ida,Stochla,501350309,Stochla.Ida@wp.pl
793,Aleksander,Książek,514904521,Ksiazek.Aleksander@wp.pl
794,Leon,Malczewski,725599609,Malczewski.Le@gmail.com
795,Franciszek,Krawczyk,797875785,Krawczyk.Franciszek@gmail.com
796,Igor,Sobczak,792592587,Sobczak.Ig@gmail.com
797,Miłosz,Matusiak,517177084,Matusiak.Milosz@gmail.com
798,Aleksander,Moniakowski,721265353,Moniakowski.Alek@onet.pl
799,Kacper,Strugalski,783764067,Strugalski.Ka@onet.pl
800,Paweł,Cyktor,505151087,Cyktor.Pawel@onet.pl
801,Nina,Krzyżak,881785127,KrzyzakNina@onet.pl
802,Tomasz,Wiktor,732388515,Tomasz.Wik@gmail.com
803,Kornel,Warzocha,601496216,Kornel8012@wp.pl
804,Dominika,Derlatka,692089752,DerlatkaDominika@interia.pl
805,Stefan,Gałązka,601835174,StefanGalazka@wp.pl
806,Laura,Cal,505737376,Cal.Laura@onet.pl
807,Ignacy,Baldy,693631037,IgnacyBaldy@wp.pl
808,Hubert,Hermann,721377712,Hermann5770@gmail.com
809,Lilia,Downar,738737037,LiliaDownar@gmail.com
810,Piotr,Kaczorowski,731661795,Kaczorowski.Piotr@wp.pl
811,Leon,Majewski,791090225,MajewskiLeon@wp.pl
812,Ignacy,Woźniak,608454255,Wozniak4130@wp.pl
813,Gustaw,Winiarski,794696702,WiniarskiGustaw@onet.pl
814,Radosław,Kyc,533239082,Radoslaw.Kyc@gmail.com
815,Lilianna,Gondzik,534542474,Lilianna.Gon@o2.pl
816,Pola,Nepelska,537943141,Pola4248@wp.pl
817,Mila,Brzezicka,724327738,Mila.Brzezicka@wp.pl
818,Wojciech,Wodyk,881994271,WojciechWodyk@gmail.com
819,Julia,Stankiewicz,698004672,StankiewiczJulia@onet.pl
820,Liwia,Dawidowicz,601278818,Dawidowicz.Liwi@wp.pl
821,Adam,Wittbrodt,698819484,Adam.Wit@gmail.com
822,Miron,Kubik,531968849,Kubik.Mi@gmail.com
823,Liliana,Grzegorzewicz,736356966,Liliana.Grz@onet.pl
824,Franciszek,Ogierman,783824381,OgiermanFranciszek@gmail.com
825,Stanisław,Kutkowski,502334952,KutkowskiStanislaw@o2.pl
826,Franciszek,Sobolewski,725861785,Franciszek5914@wp.pl
827,Kaja,Adamczyk,692229712,KajaAdamczyk@gmail.com
828,Alicja,Szustowska,881555424,Alicja9172@wp.pl
829,Leon,Aksamit,737959967,Leon.Aks@interia.pl
830,Gabriela,Mrozowska,603575525,Mrozowska.Gabriela@gmail.com
831,Jakub,Lipka,668408426,Lipka.Jakub@gmail.com
832,Adrian,Lewandowski,667328462,Adrian9182@gmail.com
833,Blanka,Borkowska,667671789,Blanka.Borkowska@gmail.com
834,Antonina,Markowska,532585342,Markowska4692@gmail.com
835,Dawid,Czajka,575537205,Dawid.Czaj@wp.pl
836,Kacper,Luniak,696132229,LuniakKacper@gmail.com
837,Daniel,Przyborowski,793288784,PrzyborowskiDaniel@gmail.com
838,Antoni,Marciszewski,884832643,Antoni1645@gmail.com
839,Laura,Szczechowicz,785069326,Laura1655@gmail.com
840,Kaja,Kwiecień,667403068,Kaja.Kwie@gmail.com
841,Hanna,Nowak,724100885,NowakHanna@gmail.com
842,Tola,Gargula,502306768,Tola.Gargula@wp.pl
843,Tadeusz,Korab,451816876,TadeuszKorab@wp.pl
844,Mateusz,Ozga,794209680,OzgaMateusz@onet.pl
845,Maria,Szczurek,508086169,MariaSzczurek@gmail.com
846,Miłosz,Trałka,514077132,MiloszTralka@o2.pl
847,Aleksander,Choroszewski,727269358,Aleksander.Cho@interia.pl
848,Jakub,Wojdyła,604227088,Jakub.Wojdyla@gmail.com
849,Nikola,Kloskowska,738720437,Kloskowska.Nikola@gmail.com
850,Leo,Rumiński,574794426,LeoRuminski@wp.pl
851,Rozalia,Wollny,608040053,Wollny.Rozalia@wp.pl
852,Eryk,Rutkowski,691921106,Rutkowski.Eryk@gmail.com
853,Julian,Wróbel,792282840,Julian.Wro@gmail.com
854,Nikola,Banach,532508803,Nikola7002@gmail.com
855,Filip,Dzioba,511974094,DziobaFilip@interia.pl
856,Mikołaj,Duwer,577559991,Mikolaj.Duwer@o2.pl
857,Bartosz,Mikołajek,502692538,Mikolajek.Bart@o2.pl
858,Natan,Dziewic,664672297,Dziewic.Natan@wp.pl
859,Barbara,Obracaj,736667753,Barbara.Obr@gmail.com
860,Natalia,Przybysz,694457448,PrzybyszNatalia@gmail.com
861,Aleksander,Maziarz,533105190,AleksanderMaziarz@o2.pl
862,Mikołaj,Dziedzic,691330770,Mikolaj.Dziedzic@o2.pl
863,Filip,Goljanek,666922574,Filip9802@gmail.com
864,Filip,Wiśniowski,696310144,Wisniowski.Fi@gmail.com
865,Liwia,Borówka,723538677,Liwia.Boro@wp.pl
866,Stanisław,Habiera,794184433,StanislawHabiera@wp.pl
867,Leon,Hirszfeld,515482407,Hirszfeld.Le@onet.pl
868,Klara,Surgut,734939033,Klara.Surgut@gmail.com
869,Maja,Karcz,454006516,Karcz3483@gmail.com
870,Leon,Stanisz,537969400,Stanisz.Leon@onet.pl
871,Stanisław,Karasiewicz,537119776,Stanislaw2239@wp.pl
872,Zofia,Czarnolewska,513353983,Zofia7978@gmail.com
873,Miłosz,Duś,696420772,Milosz439@wp.pl
874,Kornelia,Węgrzyk,573168072,Wegrzyk.Kornelia@wp.pl
875,Wojciech,Świderski,665349723,Wojciech.Swiderski@o2.pl
876,Diana,Bilińska,884280369,Bilinska.Diana@onet.pl
877,Emilia,Pasek,506363439,Pasek.Emilia@gmail.com
878,Milan,Szczepański,796969670,MilanSzczepanski@onet.pl
879,Nikol,Hołyńska,697935513,Nikol2257@gmail.com
880,Michalina,Skłodowska,692853207,SklodowskaMichalina@onet.pl
881,Maksymilian,Dudek,885325653,MaksymilianDudek@gmail.com
882,Nataniel,Waręda,501455325,WaredaNataniel@o2.pl
883,Leo,Buniowski,533065081,Buniowski.Leo@gmail.com
884,Antoni,Jurkowski,722709208,Antoni.Jurkowski@gmail.com
885,Antoni,Wierzba,502436165,Antoni.Wierzba@wp.pl
886,Oliwia,Zasadni,574873879,OliwiaZasadni@onet.pl
887,Laura,Osowska,504823120,Laura.Osowska@wp.pl
888,Weronika,Lewandowska,788261250,Weronika.Lewandowska@gmail.com
889,Stanisław,Jóźwiak,456474274,JozwiakStanislaw@onet.pl
890,Nadia,Szozda,507963442,Nadia3659@o2.pl
891,Adam,Malesza,602762235,MaleszaAdam@gmail.com
892,Pola,Nowaczyk,795918947,Nowaczyk.Pola@gmail.com
893,Aleksandra,Jujka,723280201,Aleksandra.Jujka@gmail.com
894,Michał,Leśniak,797313705,Michal.Lesn@gmail.com
895,Ignacy,Kogut,784867059,KogutIgnacy@o2.pl
896,Klara,Posch,726777234,KlaraPosch@interia.pl
897,Tadeusz,Lubacz,798750966,Lubacz.Tadeusz@onet.pl
898,Anastazja,Zięba,723420316,ZiebaAnastazja@o2.pl
899,Adrianna,Skrzypczak,518144876,Adrianna6724@onet.pl
900,Laura,Jabłońska,515321985,Jablonska.Laur@gmail.com
901,Ada,Płoskonka,605329040,Ada.Ploskonka@gmail.com
902,Julia,Najda,732782932,Julia4971@interia.pl
903,Barbara,Nagorna,537619680,NagornaBarbara@interia.pl
904,Aleksander,Szewczyk,452050316,Szewczyk.Al@o2.pl
905,Marcelina,Byckiewicz,453002323,Marcelina.Byck@o2.pl
906,Laura,Malasińska,518878593,Malasinska.Laur@interia.pl
907,Jan,Czesny,695549455,Czesny.Jan@interia.pl
908,Nikodem,Brodaczewski,577249741,Nikodem.Brodaczewski@gmail.com
909,Agata,Pawlik,533732669,Agata.Pawlik@gmail.com
910,Zuzanna,Respondek,735944543,Respondek.Zu@gmail.com
911,Maria,Kuroń,603941078,Maria.Kuron@gmail.com
912,Zuzanna,Słoka,721805851,Zuzanna.Slok@onet.pl
913,Jan,Grzesiak,456011537,Jan.Grz@interia.pl
914,Aleksander,Skrzetuski,457797973,SkrzetuskiAleksander@gmail.com
915,Hanna,Wodecka,798278221,Wodecka230@onet.pl
916,Pola,Kuźniar,458845340,Kuzniar8213@o2.pl
917,Marek,Dvoretskyi,662667013,Marek.Dvoretskyi@interia.pl
918,Marcelina,Kempa,736599477,Marcelina1757@wp.pl
919,Gabriela,Krysiak,536149111,Gabriela.Krys@o2.pl
920,Lilianna,Pustuła,458487593,Lilianna4655@gmail.com
921,Blanka,Haraburda,457568986,Haraburda.Blanka@wp.pl
922,Nikola,Jędraszyk,788182196,Jedraszyk3127@wp.pl
923,Franciszek,Dźwigaj,456777669,Franciszek7029@onet.pl
924,Teodora,Tolak,697944947,Teodora.Tolak@wp.pl
925,Julia,Mańkiewicz,694043379,Mankiewicz6393@gmail.com
926,Ksawery,Kaszubowski,698839812,Kaszubowski9896@gmail.com
927,Helena,Rozmus,511239085,Rozmus5339@wp.pl
928,Henryk,Przybyszewski,885527631,PrzybyszewskiHenryk@onet.pl
929,Klaudia,Kopeć,511008778,KlaudiaKopec@wp.pl
930,Szymon,Różaniecki,458699747,Szymon.Rozaniecki@gmail.com
931,Lena,Reczek,577830231,Lena.Rec@onet.pl
932,Liwia,Matysiak,783281500,Liwia7921@gmail.com
933,Małgorzata,Guzek,786596244,Guzek6064@interia.pl
934,Stefan,Nowak,795982195,Nowak8689@o2.pl
935,Zuzanna,Kuczera,512156723,Kuczera.Zuzanna@gmail.com
936,Blanka,Pisarska,508899457,BlankaPisarska@interia.pl
937,Amelia,Pasieczyńska,575850058,AmeliaPasieczynska@gmail.com
938,Dawid,Radzki,735294868,Radzki.Dawid@interia.pl
939,Gabriel,Zdarta,608765994,GabrielZdarta@onet.pl
940,Emilia,Zakowicz,721134899,Zakowicz5203@gmail.com
941,Sandra,Wójcicka,792099107,Sandra.Wojcicka@wp.pl
942,Żaneta,Strzyżewska,691313145,Zaneta.Strz@wp.pl
943,Marcelina,Zamerska,606823399,Marcelina6901@wp.pl
944,Gabriela,Ornat,501395306,Ornat.Gabriela@o2.pl
945,Maja,Krawicka,695679069,Maja.Kra@wp.pl
946,Kira,Kerger,531904547,Kerger.Kira@wp.pl
947,Hanna,Pilarska,668610654,Pilarska.Hanna@onet.pl
948,Ameliia,Koncewicz,574955911,Koncewicz.Ameliia@wp.pl
949,Jagna,Kowalczyk,574903475,KowalczykJagna@interia.pl
950,Nikola,Gudaszewska,794414798,Nikola5675@gmail.com
951,Franciszek,Kacprowicz,787527767,FranciszekKacprowicz@o2.pl
952,Adam,Banaś,783763686,Banas.Adam@onet.pl
953,Aleksander,Czarnikowski,458946151,Czarnikowski.Aleksander@gmail.co
954,Michalina,Groń,696131486,Gron5203@gmail.com
955,Oliwier,Banaś,535890947,Banas.Oliwier@interia.pl
956,Marcelina,Chylińska,606946149,MarcelinaChylinska@gmail.com
957,Lucjan,Szumowski,786046246,Lucjan.Szumowski@gmail.com
958,Leon,Mazur,455090323,Leon.Maz@wp.pl
959,Oliwia,Ryba,573575336,Ryba3775@interia.pl
960,Kajetan,Mnich,788535156,Kajetan1699@o2.pl
961,Kaja,Bazylewicz,536873838,Kaja5369@o2.pl
962,Maria,Pławecka,511398637,Maria3307@wp.pl
963,Wiktoria,Czachor,577955994,CzachorWiktoria@o2.pl
964,Hanna,Mojsak,504737795,HannaMojsak@gmail.com
965,Maja,Iglik,576309725,Maja.Iglik@gmail.com
966,Gaja,Kowalska,698243567,Kowalska.Gaja@gmail.com
967,Teodor,Piotrowski,734109496,Teodor.Piotrowski@interia.pl
968,Antoni,Nawrocki,502616150,Nawrocki.Antoni@gmail.com
969,Tymoteusz,Zborowski,796314278,TymoteuszZborowski@gmail.com
970,Michalina,Gała,885843677,GalaMichalina@wp.pl
971,Maria,Korzonek,888622155,Maria.Korz@gmail.com
972,Zuzanna,Butler,885669960,Butler.Zuzanna@onet.pl
973,Konstancja,Soczewica,728003329,Konstancja.Soc@o2.pl
974,Wiktor,Wdowik,455743299,Wiktor.Wdow@gmail.com
975,Nicola,Wąsik,511201071,Nicola8902@gmail.com
976,Tadeusz,Kufel,735773221,Kufel.Tadeusz@wp.pl
977,Kornel,Deptuła,603356861,Kornel.Dept@interia.pl
978,Zofia,Aleksandrzak,692785765,Aleksandrzak.Zofia@wp.pl
979,Nikodem,Jankowski,697076523,Nikodem.Jankowski@gmail.com
980,Remigiusz,Roszkowski,735791510,Roszkowski1432@gmail.com
981,Oskar,Gaweł,734753360,Oskar3106@onet.pl
982,Wiktor,Bajcer,693685524,Wiktor.Bajcer@interia.pl
983,Aleksander,Kubiak,738571102,Aleksander2059@gmail.com
984,Jakub,Duży,517417249,Duzy.Ja@wp.pl
985,Aleksander,Chabros,788969339,Chabros.Aleksander@interia.pl
986,Ignacy,Ulański,798243291,Ulanski6742@onet.pl
987,Pola,Stopa,886299912,Stopa.Pola@gmail.com
988,Maksymilian,Jaszczuk,733276110,JaszczukMaksymilian@o2.pl
989,Antoni,Bednarczyk,506884787,Antoni4727@wp.pl
990,Mia,Jelska,517147637,Mia.Jels@onet.pl
991,Oliwier,Nowak,698650067,Oliwier.Nowa@onet.pl
992,Natan,Wróbel,888456871,WrobelNatan@o2.pl
993,Mikołaj,Janiec,572075796,Janiec.Mi@wp.pl
994,Laura,Stankiewicz,515286075,Laura.Stankiewicz@wp.pl
995,Maksymilian,Sadowski,511929279,Maksymilian3848@gmail.com
996,Polina,Stępień,882537170,Polina.Stepien@gmail.com
997,Katia,Wilczopolska,696654377,Wilczopolska.Katia@o2.pl
998,Hanna,Duczyńska,664045923,DuczynskaHanna@onet.pl
999,Józef,Pawluk,788085739,Pawluk.Jozef@gmail.com
1000,Iga,Stoch,605544423,Stoch.Iga@wp.pl
1001,Michalina,Tylutka,451554967,Michalina.Tylutka@gmail.com
1002,Tymon,Kita,507783926,Tymon353@gmail.com
1003,Kajetan,Prusinowski,534731685,KajetanPrusinowski@onet.pl
1004,Marcel,Michalczyk,668841710,Michalczyk4440@gmail.com
1005,Oliwier,Golacik,501097889,Golacik9036@gmail.com
1006,Maria,Kowal,664914823,Maria7001@wp.pl
1007,Nikodem,Manilo,458806497,Manilo7682@wp.pl
1008,Liudmyla,Dobrowolska,517175591,Dobrowolska.Liudmyla@gmail.com
1009,Kacper,Ornowski,508255672,Kacper2933@wp.pl
1010,Pola,Wachowska,784736379,Pola.Wach@onet.pl
1011,Apolonia,Kiljańczyk,451064962,Apolonia.Kilj@gmail.com
1012,Aleksander,Woroncow,667714069,Aleksander.Woroncow@wp.pl
1013,Emilia,Andrzejewska,602422187,Emilia.Andrzejewska@onet.pl
1014,Edward,Grządziel,508437494,Edward.Grzadziel@gmail.com
1015,Oliwier,Yildiz,514374628,Yildiz.Ol@interia.pl
1016,Jan,Dziweńka,501801402,Jan4368@gmail.com
1017,Fabian,Kupisiński,457559610,Fabian4087@wp.pl
1018,Kaja,Jędrzejek,534119542,Jedrzejek.Kaja@gmail.com
1019,Stanisław,Góralewicz,732364895,GoralewiczStanislaw@wp.pl
1020,Natan,Kośmider,456929576,NatanKosmider@o2.pl
1021,Julian,Kruszka,796873261,JulianKruszka@gmail.com
1022,Naomi,Lasota,793472977,Naomi6849@gmail.com
1023,Zuzanna,Wręczycka,534745311,Wreczycka.Zuzanna@gmail.com
1024,Ksawery,Skubisz,513325001,Ksawery9123@gmail.com
1025,Wiktoria,Pajestka,456679263,Pajestka1088@onet.pl
1026,Witold,Stec,735703450,Stec2899@gmail.com
1027,Antoni,Bolanowski,881987681,Bolanowski5320@onet.pl
1028,Weronika,Kurek,453879614,WeronikaKurek@wp.pl
1029,Filip,Kita,794275671,Filip4917@interia.pl
1030,Mieszko,Mroziński,537522205,Mrozinski.Mie@wp.pl
1031,Matylda,Szybalska,881198464,Szybalska745@gmail.com
1032,Natalia,Radkiewicz,607944919,NataliaRadkiewicz@wp.pl
1033,Franciszek,Dzięcioł,606697193,FranciszekDzieciol@onet.pl
1034,Anna,Klimczak,784410152,KlimczakAnna@onet.pl
1035,Martyna,Bryła,797100169,Bryla4944@wp.pl
1036,Sara,Skępska,886573657,Sara.Skepska@o2.pl
1037,Beniamin,Babik,506481354,Babik.Beni@onet.pl
1038,Liliana,Żarska,884987312,ZarskaLiliana@onet.pl
1039,Emilia,Kurpyta,665575579,Emilia.Kurp@o2.pl
1040,Ada,Sokołowska,797076965,Sokolowska4673@gmail.com
1041,Kostiantyn,Thiem,514915315,Thiem.Kostiantyn@interia.pl
1042,Alisa,Król,727803113,Alisa.Kro@o2.pl
1043,Piotr,Giedrojć,693787466,Piotr.Giedrojc@gmail.com
1044,Franciszek,Bularz,532301463,Bularz.Fra@interia.pl
1045,Franciszek,Polańczyk,606906559,FranciszekPolanczyk@o2.pl
1046,Nikodem,Zajączkowski,694629361,Nikodem6792@wp.pl
1047,Franciszek,Derwisiński,787410758,Derwisinski.Franciszek@gmail.com
1048,Igor,Psujek,797826260,IgorPsujek@o2.pl
1049,Wiktor,Nycz,667204197,Wiktor.Nycz@wp.pl
1050,Aleksandra,Chudy,697155960,AleksandraChudy@onet.pl
1051,Nina,Kłosińska,786956778,Nina.Klosinska@gmail.com
1052,Karolina,Radawiec,458004895,KarolinaRadawiec@o2.pl
1053,Julia,Szybińska,508897982,Szybinska.Julia@onet.pl
1054,Małgorzata,Wiszyńska,455757776,WiszynskaMalgorzata@gmail.com
1055,Antoni,Moheit vel makowski,693539407,Moheit vel makowski.Antoni@wp.pl
1056,Kajetan,Kwietniewski,787633939,Kwietniewski.Ka@onet.pl
1057,Anna,Rosiak,601676207,Rosiak.Anna@gmail.com
1058,Nikola,Gradek,534914083,GradekNikola@onet.pl
1059,Tymoteusz,Palczewski,692817329,Palczewski.Tym@gmail.com
1060,Zuzanna,Foltyńska,886809004,Zuzanna5181@gmail.com
1061,Wojciech,Cizio,605584759,WojciechCizio@gmail.com
1062,Jan,Skibiński,693461831,SkibinskiJan@gmail.com
1063,Laura,Salamon,796151971,Salamon.La@gmail.com
1064,Ignacy,Zając,692794446,Zajac4615@onet.pl
1065,Maja,Rudzka,882119432,RudzkaMaja@o2.pl
1066,Maja,Knochowska,732388638,Knochowska1279@gmail.com
1067,Jan,Kubasik,693327689,Kubasik.Ja@gmail.com
1068,Nikodem,Magierowski,604402989,Magierowski.Ni@gmail.com
1069,Oskar,Góralczyk,791023697,Oskar.Gor@onet.pl
1070,Oliwia,Dąbrowska,886619422,Dabrowska3966@gmail.com
1071,Emilia,Borowska,885264497,Borowska.Emilia@wp.pl
1072,Dagmara,Wysocka,794565954,DagmaraWysocka@gmail.com
1073,Nikodem,Oruba,503793450,Nikodem.Oruba@gmail.com
1074,Nela,Stempniewicz,537264764,Nela3525@gmail.com
1075,Klaudia,Wawrzyniak,695959385,WawrzyniakKlaudia@wp.pl
1076,Arina,Drożdż,668546156,Arina.Drozdz@interia.pl
1077,Gabriella,Grzybowska,668581166,GrzybowskaGabriella@gmail.com
1078,Leon,Janiak,726342385,Leon.Jan@gmail.com
1079,Antoni,Kukułka,661741212,Kukulka1712@onet.pl
1080,Milan,Stencel,531482794,Stencel.Milan@o2.pl
1081,Zuzanna,Szymańska,795843273,Szymanska.Zuza@wp.pl
1082,Antoni,Glanas,782814394,Glanas.Ant@gmail.com
1083,Nikodem,Grądziel,605631243,GradzielNikodem@interia.pl
1084,Jakub,Niedźwiedzki,697972757,Niedzwiedzki.Ja@gmail.com
1085,Jan,Deszczka,727608777,Jan.Deszczka@gmail.com
1086,Tadeusz,Kozieł,518578665,Koziel.Tadeusz@onet.pl
1087,Sara,Kapustka,693873740,SaraKapustka@gmail.com
1088,Nela,Michalska,883048476,Nela.Mich@gmail.com
1089,Oliwier,Bajorek,458392500,Bajorek.Oliwier@onet.pl
1090,Ignacy,Rybak,788727297,Rybak7049@gmail.com
1091,Malwina,Cisek,784605041,Malwina4749@gmail.com
1092,Stanisław,Kowalczyk,571605035,Stanislaw1316@wp.pl
1093,Tadeusz,Pietrzak,505786158,Tadeusz8137@o2.pl
1094,Anastazja,Radowska,693930145,Radowska.Anastazja@wp.pl
1095,Faustyna,Wirkus,732369800,Faustyna.Wirkus@gmail.com
1096,Tymoteusz,Szylbert,507879369,Tymoteusz316@gmail.com
1097,Jakub,Kołodziejczyk,504962478,Jakub.Kolo@onet.pl
1098,Olga,Kaczkiełło,887786854,Kaczkiello9109@gmail.com
1099,Aurelia,Woś,694349373,WosAurelia@onet.pl
1100,Patryk,Kulas,888133481,KulasPatryk@gmail.com
1101,Laura,Olszewska,664159180,Olszewska1589@o2.pl
1102,Hugo,Wolny,662596124,HugoWolny@gmail.com
1103,Oliwia,Drzymała,518061479,Drzymala1262@gmail.com
1104,Dominik,Żak,514118478,Zak.Dom@onet.pl
1105,Stefan,Pawlak,516352928,StefanPawlak@onet.pl
1106,Miłosz,Cholewa,735173549,Cholewa8695@gmail.com
1107,Mikołaj,Pułtorak,793369531,Mikolaj914@interia.pl
1108,Martyna,Jurzak,884006627,Jurzak7620@onet.pl
1109,Maria,Rudnicka,735938439,Maria923@gmail.com
1110,Piotr,Kapusta,515002399,Piotr7124@onet.pl
1111,Florian,Koch,577888642,FlorianKoch@gmail.com
1112,Gabriel,Owczarzak,696440038,Gabriel.Owc@interia.pl
1113,Gabriela,Lubańska,457925629,Gabriela705@gmail.com
1114,Franciszek,Sprownik,538039190,Franciszek.Sprownik@o2.pl
1115,Antoni,Bondarenko,722180308,Antoni.Bon@interia.pl
1116,Michał,Kupka,502037728,Michal9378@gmail.com
1117,Jan,Stadlewski,888238802,StadlewskiJan@o2.pl
1118,Zuzanna,Zamczała,607802491,Zamczala8778@onet.pl
1119,Adam,Gotlib,722290328,Gotlib.Adam@wp.pl
1120,Witold,Wiśnik,531768242,Witold.Wis@onet.pl
1121,Nela,Szysiak,888734035,NelaSzysiak@gmail.com
1122,Maja,Gierach,601815892,GierachMaja@gmail.com
1123,Daniel,Fröhlich,798880836,DanielFrohlich@o2.pl
1124,Amelia,Chachaj,606846352,Amelia.Cha@wp.pl
1125,Wojciech,Klikowski,782089120,KlikowskiWojciech@gmail.com
1126,Julian,Zielonka,882977023,JulianZielonka@wp.pl
1127,Kacper,Raich,781197475,Raich.Kacper@wp.pl
1128,Blanka,Slobodianiuk,698286109,Slobodianiuk.Bl@onet.pl
1129,Iga,Wyroślak,536105080,Iga.Wyroslak@wp.pl
1130,Natan,Majos,504172082,Majos.Nata@o2.pl
1131,Maria,Barczyńska,501282511,Maria.Barczynska@gmail.com
1132,Kalina,Belowska,503503481,Belowska.Kalina@onet.pl
1133,Ignacy,Śliwiński,722949224,Sliwinski.Igna@gmail.com
1134,Antoni,Tamioła,796606888,Antoni.Tamiola@gmail.com
1135,Tymon,Suleymanov,727597562,Tymon.Suleymanov@gmail.com
1136,Zofia,Piotrowska,532047956,Piotrowska.Zofi@onet.pl
1137,Bartosz,Juskowiak,735393602,BartoszJuskowiak@onet.pl
1138,Ignacy,Lipiński,538833660,IgnacyLipinski@interia.pl
1139,Stefania,Siedlecka,881905468,Siedlecka.Stefania@o2.pl
1140,Wanda,Kapustka,732357444,WandaKapustka@onet.pl
1141,Konrad,Rachel,451597571,Konrad7188@onet.pl
1142,Olaf,Cepielik,537371418,Olaf.Cepielik@gmail.com
1143,Natan,Dolny,451592131,Natan.Dolny@o2.pl
1144,Helena,Kotyk,724122744,Helena8778@wp.pl
1145,Gustaw,Kovbasiuk,535287469,Gustaw4029@gmail.com
1146,Antonina,Jaworek,784608944,Jaworek.Antonina@wp.pl
1147,Aurelia,Konwerska,513142757,Aurelia7295@o2.pl
1148,Maria,Chorąży,723342853,MariaChorazy@wp.pl
1149,Łucja,Bąkowska,782105558,Bakowska.Luc@interia.pl
1150,Łucja,Trębusiewicz,506396699,Lucja.Treb@gmail.com
1151,Sofia,Walisiewicz,883664588,Walisiewicz.Sofia@wp.pl
1152,Nikodem,Surman,516692056,Nikodem8212@onet.pl
1153,Iga,Grzankowska,783680471,Iga9117@gmail.com
1154,Michalina,Jucha,888072675,Michalina.Jucha@onet.pl
1155,Agata,Gosztyła,605997237,Gosztyla.Aga@wp.pl
1156,Mikołaj,Kamiennik,791951989,Kamiennik8241@gmail.com
1157,Sebastian,Kretkiewicz,516941389,SebastianKretkiewicz@gmail.com
1158,Filip,Tarka,883703540,TarkaFilip@wp.pl
1159,Anastazja,Rojek,791089067,Rojek.Anastazja@onet.pl
1160,Antoni,Kapera,663582849,Antoni.Kap@onet.pl
1161,Alicja,Szajny,797325124,AlicjaSzajny@wp.pl
1162,Alan,Gmyr,574097630,GmyrAlan@onet.pl
1163,Oliwier,Pabian,788282243,Pabian.Ol@onet.pl
1164,Alicja,Wyrębska,785631175,WyrebskaAlicja@onet.pl
1165,Antoni,Oźlański,517759445,Ozlanski.Ant@o2.pl
1166,Krzysztof,Ratkowski,507438616,Krzysztof.Ratkowski@onet.pl
1167,Kaja,Sojczyńska,571959729,SojczynskaKaja@gmail.com
1168,Julian,Jankowski,452459871,Jankowski.Jul@wp.pl
1169,Liliana,Piasecka,602639810,PiaseckaLiliana@interia.pl
1170,Maksymilian,Kułak,736441770,Maksymilian7068@wp.pl
1171,Urszula,Kolodii,698918521,Urszula.Kolo@wp.pl
1172,Aleksander,O'neill,694944680,Aleksander8145@wp.pl
1173,Antoni,Stefański,578342689,Antoni.Ste@wp.pl
1174,Michalina,Słabicka,695913173,SlabickaMichalina@interia.pl
1175,Miłosz,Czechowski,517635708,CzechowskiMilosz@gmail.com
1176,Paweł,Tytuła,888833894,PawelTytula@wp.pl
1177,Miłosz,Kłosiński,888327002,Klosinski.Milosz@wp.pl
1178,Natan,Kęska,738755734,Natan.Kes@wp.pl
1179,Kaja,Szarek,787556212,SzarekKaja@gmail.com
1180,Hanna,Jarecka,455103603,Hanna.Jare@onet.pl
1181,Leon,Kunert,664539609,Kunert.Le@gmail.com
1182,Antonina,Ryszczuk,606814577,Antonina.Ryszczuk@wp.pl
1183,Nikodem,Kwiatkowski,881940195,KwiatkowskiNikodem@wp.pl
1184,Nikola,Korczak,607780266,Korczak7616@gmail.com
1185,Mia,Borycka,456209673,Mia.Borycka@gmail.com
1186,Klaudia,Brzuszkiewicz,882211706,BrzuszkiewiczKlaudia@interia.pl
1187,Zofia,Jurczak,532508470,Jurczak.Zof@onet.pl
1188,Adam,Kossak,797300343,Adam8161@gmail.com
1189,Aleksander,Ilchenko,501107725,Ilchenko.Alek@wp.pl
1190,Adrianna,Jutrowska,784006730,Jutrowska1148@interia.pl
1191,Emilia,Karcz,797885899,Karcz.Emil@onet.pl
1192,Tymon,Nojszewski,887421940,NojszewskiTymon@gmail.com
1193,Tymon,Bielasty,515210328,Tymon.Bielasty@gmail.com
1194,Kacper,Spruch,607530253,Spruch.Kac@onet.pl
1195,Stanisław,Rydziński,665751975,Rydzinski1358@wp.pl
1196,Zayn,Szulc,457014721,Szulc.Za@gmail.com
1197,Emilia,Janeczko,728704227,JaneczkoEmilia@wp.pl
1198,Paulina,Jakubiak,697666747,Jakubiak6484@gmail.com
1199,Zuzanna,Wasilewska,887871669,Zuzanna1253@gmail.com
1200,Klara,Dąbrowska,572167002,Dabrowska.Klara@gmail.com
1201,Nikodem,Oberemok,781865353,Nikodem6666@gmail.com
1202,Antoni,Hul,505350982,Hul505@o2.pl
1203,Michalina,Stolarczyk,511487003,Michalina.Stolarczyk@interia.pl
1204,Nela,Skitek,722294462,NelaSkitek@gmail.com
1205,Nikodem,Haczyk,532647155,Haczyk7916@wp.pl
1206,Filip,Grabowski,533343205,Grabowski6780@gmail.com
1207,Zuzanna,Robak,791692836,Robak.Zuzanna@interia.pl
1208,Zuzanna,Kurnikowska,515029505,Zuzanna.Kur@gmail.com
1209,Klara,Kamińska,572859828,KlaraKaminska@wp.pl
1210,Julian,Zarzycki,515177487,Zarzycki6384@gmail.com
1211,Ada,Borzucka,576041617,Borzucka.Ada@gmail.com
1212,Antonina,Staniszewska,536393420,Staniszewska.Antonina@gmail.com
1213,Wiktoria,Kubrak,451151325,Kubrak1465@gmail.com
1214,Kuzey,Kostrzewa,577534475,Kuzey.Kost@wp.pl
1215,Lena,Skotnicka,696760167,Skotnicka867@gmail.com
1216,Malwina,Dubert,785453818,Malwina.Dub@interia.pl
1217,Zuzanna,Wałęga,736006823,Walega.Zuza@gmail.com
1218,Laura,Półbrat,728901150,Polbrat.La@interia.pl
1219,Mikołaj,Kądzioła,693114091,KadziolaMikolaj@gmail.com
1220,Laura,Zielonka,501053721,Laura.Zielonka@wp.pl
1221,Róża,Pawliczek,693503698,Roza.Paw@gmail.com
1222,Nadia,Mikołajczyk,734862368,NadiaMikolajczyk@o2.pl
1223,Anna,Babińska,784207217,Anna4593@wp.pl
1224,Helena,Morelewska,601857897,Helena.Mor@gmail.com
1225,Nicola,Batosz,532488616,NicolaBatosz@interia.pl
1226,Andrea,Tomczyk,578028017,Tomczyk4153@wp.pl
1227,Iga,Ceier,504000473,IgaCeier@o2.pl
1228,Marek,Świtaj,695667356,Switaj.Mare@onet.pl
1229,Wiktoria,Swoboda,695011857,Wiktoria.Swoboda@gmail.com
1230,Amelia,Kucińska,511102494,Kucinska.Ame@onet.pl
1231,Hanna,Kalinowska,727580575,Hanna.Kalinowska@onet.pl
1232,Olivia,Proć,731478301,Olivia.Proc@wp.pl
1233,Bruno,Demidowicz,722696139,BrunoDemidowicz@wp.pl
1234,Marcel,Andrzejak,667323959,Andrzejak.Marc@gmail.com
1235,Aleksander,Strugacz,732888116,AleksanderStrugacz@wp.pl
1236,Tymon,Wujke,664541775,Wujke.Tymon@wp.pl
1237,Franciszek,Kopczyk,512362520,FranciszekKopczyk@gmail.com
1238,Iga,Wójcik,888276250,IgaWojcik@gmail.com
1239,Elena,Kremblewska,602375300,Kremblewska.Elena@wp.pl
1240,Hanna,Wągrodna,796101655,Hanna.Wagrodna@interia.pl
1241,Janina,Mistarz,534168434,Janina.Mis@gmail.com
1242,Anna,Michaluk,697472089,Anna.Mic@interia.pl
1243,Amelia,Topolska,661436621,Topolska.Amel@onet.pl
1244,Aleksander,Książyk,453584152,KsiazykAleksander@gmail.com
1245,Faustyna,Rewers,515098568,Faustyna.Rewers@o2.pl
1246,Laura,Brózdowska,735873277,Laura2452@wp.pl
1247,Agata,Pawłowicz,782052159,Pawlowicz.Agat@interia.pl
1248,Jan,Haładyn,787826677,Jan7749@onet.pl
1249,Maria,Sierpińska,881256152,MariaSierpinska@gmail.com
1250,Emilia,Wiśniewska,731465323,EmiliaWisniewska@wp.pl
1251,Marcelina,Korzyniewska,513297332,Marcelina9221@o2.pl
1252,Zofia,Ligocka,737195770,LigockaZofia@onet.pl
1253,Bohdana,Pyrak,696010154,Pyrak4086@wp.pl
1254,Jan,Segin,787457597,Segin6663@wp.pl
1255,Antonina,Cebulska,886759746,CebulskaAntonina@gmail.com
1256,Mariia,Maik,661269098,MariiaMaik@o2.pl
1257,Michał,Boczkowski,537606618,Michal.Boc@gmail.com
1258,Mikołaj,Kozak,885061065,Mikolaj.Koz@interia.pl
1259,Maja,Bilska,575503041,Maja6022@wp.pl
1260,Aleksander,Gałązka,698518810,AleksanderGalazka@wp.pl
1261,Maksymilian,Sterpejkowicz-wersocki,513483261,Sterpejkowicz-wersocki9249@wp.pl
1262,Alex,Zieliński,735016828,Alex.Zielinski@gmail.com
1263,Fryderyk,Kulesza,783851082,Kulesza4486@wp.pl
1264,Jan,Kołodziejski,733739865,Jan.Kolodziejski@wp.pl
1265,Olivier,Kuczma,791016294,Kuczma.Oliv@wp.pl
1266,Julia,Nieśpiał,607342619,NiespialJulia@interia.pl
1267,Ignacy,Bień,513834111,Ignacy.Bien@o2.pl
1268,Aleksander,Zamkowski,606654116,Zamkowski.Ale@wp.pl
1269,Blanka,Miązek,882349499,Blanka.Miazek@interia.pl
1270,Ignacy,Ksepka,516212000,Ignacy.Ksep@gmail.com
1271,Aleksander,Cembor,736177925,Cembor.Al@gmail.com
1272,Adam,Pelczarski,515992852,Pelczarski5648@wp.pl
1273,Blanka,Linka,722352306,BlankaLinka@gmail.com
1274,Nina,Miłosek,517179968,NinaMilosek@wp.pl
1275,Timur,Mnich,885510374,Timur.Mnich@o2.pl
1276,Sophia,Grygielska,696746034,Sophia.Grygielska@wp.pl
1277,Miłosz,Izydorek,693429557,Izydorek7099@onet.pl
1278,Jan,Balcerzak,518447362,Jan.Balc@wp.pl
1279,Zofia,Livitska,885994748,Livitska.Zofia@gmail.com
1280,Adam,Dobrowolski,798940185,Adam3390@gmail.com
1281,Pola,Badylak,502412040,Pola.Bady@gmail.com
1282,Albert,Świętochowski,724840925,Swietochowski8518@gmail.com
1283,Filip,Brzozowski,792309969,Brzozowski6507@interia.pl
1284,Oskar,Cesarz,533559847,Cesarz.Oska@gmail.com
1285,Rozalia,Jabłońska,728553447,Jablonska4898@gmail.com
1286,Rozalia,Astapczyk,733437896,Astapczyk.Roz@interia.pl
1287,Łucja,Cymerman,517286804,Lucja2208@onet.pl
1288,Wiktoria,Tomaszewska,698595090,WiktoriaTomaszewska@onet.pl
1289,Bartosz,Drozdowicz,781561543,Bartosz3868@wp.pl
1290,Krzysztof,Kozłowicz,882935308,Kozlowicz.Kr@onet.pl
1291,Hubert,Murawski,888017879,Murawski.Hubert@wp.pl
1292,Amelia,Piątek,883028523,Piatek.Amelia@onet.pl
1293,Maja,Baryła,574457595,Baryla.Maj@wp.pl
1294,Oliwia,Kopeć,518517872,Kopec683@interia.pl
1295,Oliver,Łuszcz,721297921,Luszcz3501@gmail.com
1296,Aurelia,Ptak,721574791,Aurelia.Pta@o2.pl
1297,Filip,Delewski,536182981,Delewski.Fil@onet.pl
1298,Jakub,Wasylów,784912332,Wasylow.Ja@gmail.com
1299,Kacper,Svarychevskyi,508175264,Kacper.Svarychevskyi@wp.pl
1300,Szymon,Jakubczak,723501143,Szymon.Jakubczak@interia.pl
1301,Sara,Frankowicz,505015043,SaraFrankowicz@gmail.com
1302,Natalia,Harasymiuk,532305266,Natalia.Harasymiuk@wp.pl
1303,Igor,Kołaszewski,502838029,Kolaszewski1083@wp.pl
1304,Lidia,Czapska,697479198,Lidia.Czapska@interia.pl
1305,Ignacy,Piotrowski,452745992,Ignacy.Pio@o2.pl
1306,Julia,Pielech,533728484,PielechJulia@interia.pl
1307,Wiktoria,Król,696604979,Krol.Wiktoria@gmail.com
1308,Laura,Środoń,785710161,Laura.Srodon@wp.pl
1309,Bartłomiej,Veremiienko,517056707,Bartlomiej5607@gmail.com
1310,Aleksander,Kryczka,537417776,Kryczka.Aleksander@gmail.com
1311,Gabriela,Zdebik,724814671,Zdebik.Gabr@interia.pl
1312,Milena,Adamska,885921705,Adamska.Mile@wp.pl
1313,Oliwia,Carlson,792052590,CarlsonOliwia@gmail.com
1314,Gabriel,Brzeziński,732656628,Brzezinski1582@wp.pl
1315,Iga,Piątek,726639666,Iga.Piat@onet.pl
1316,Natan,Marciniak,504976970,Marciniak.Natan@gmail.com
1317,Leon,Bagiński,572670271,Leon.Baginski@wp.pl
1318,Nikodem,Walkowiak,792775166,Walkowiak.Nikodem@gmail.com
1319,Franciszek,Kocik,794784134,Kocik.Franciszek@gmail.com
1320,Aleksandra,Padula,667412076,PadulaAleksandra@o2.pl
1321,Antonina,Łachajczyk,886452679,AntoninaLachajczyk@onet.pl
1322,Henryk,Osinski,884285152,Osinski1773@wp.pl
1323,Stanisław,Stenka,782879157,Stanislaw648@gmail.com
1324,Adam,Balcerzak,791680613,Balcerzak6254@onet.pl
1325,Nikola,Gołąbek,503904401,Golabek7432@wp.pl
1326,Hanna,Rosa,738455331,Hanna.Ros@o2.pl
1327,Daryna,Fejklowicz,531806955,Daryna.Fejklowicz@wp.pl
1328,Anastazja,Janikowska,885851916,Anastazja4145@o2.pl
1329,Maksymilian,Ratkiewicz,512315852,Ratkiewicz3891@onet.pl
