customer_id,first_name,last_name,gender,phone,email
1,Stanisław,Puchalski,male,451491634,Stanislaw.Puc@interia.pl
2,Inga,Wysocka,female,782370041,Wysocka.In@wp.pl
3,Leon,Stasik,male,603017148,Leon8885@gmail.com
4,Magdalena,Szkurłat,female,454919744,Szkurlat.Ma@wp.pl
5,Oskar,Pilot,male,457698695,OskarPilot@onet.pl
6,Sara,Pawłowska,female,535957910,Pawlowska.Sara@wp.pl
7,Maksymilian,Kaja,male,883148965,MaksymilianKaja@interia.pl
8,Agata,Topór,female,604331611,Agata1535@interia.pl
9,Adam,Kiełbasa,male,784921112,Kielbasa.Adam@interia.pl
10,Maria,Mucha,female,513357584,Maria.Much@wp.pl
11,Oskar,Kowalczyk,male,697618708,Oskar.Kowalczyk@o2.pl
12,Zoia,Wadelska,female,794887304,ZoiaWadelska@gmail.com
13,Agata,Krzyszczuk,female,454257230,Agata.Krzyszczuk@gmail.com
14,Emanuel,Supłatowicz,male,881347365,Suplatowicz9494@interia.pl
15,Blanka,Młynarczyk,female,732778234,Mlynarczyk.Bla@gmail.com
16,Ignacy,Adamczak,male,785354444,Ignacy.Adam@wp.pl
17,Kornelia,Włoczysiak,female,693917715,WloczysiakKornelia@onet.pl
18,Ignacy,Pietrasik,male,728112010,Pietrasik.Ignacy@gmail.com
19,Maja,Szymańska,female,533239094,Szymanska8923@wp.pl
20,Luna,Krawczyk,female,727873476,Krawczyk6236@o2.pl
21,Anastazja,Machnik,female,796343551,AnastazjaMachnik@wp.pl
22,Wanda,Jadwidzic,female,785791090,Wanda4390@interia.pl
23,Jan,Kwik,male,725862703,Jan.Kwik@wp.pl
24,Jan,Firlit,male,786369092,Firlit.Jan@wp.pl
25,Gabriela,Pawlak,female,576192159,Pawlak9490@onet.pl
26,Tola,Staniszewska,female,888708348,Staniszewska.Tola@interia.pl
27,Wiktor,Dąbrowski,male,514391230,Wiktor.Dabrowski@gmail.com
28,Sebastian,Karpiński,male,798271118,Karpinski.Sebastian@wp.pl
29,Tymon,Putała,male,882490405,PutalaTymon@o2.pl
30,Kuba,Kwiecień,male,732815513,Kwiecien.Kuba@gmail.com
31,Marcel,Bielawa,male,457026210,Bielawa3923@wp.pl
32,Nela,Sabura,female,533433552,SaburaNela@o2.pl
33,Iga,Soroko,female,722579658,Iga6302@gmail.com
34,Helena,Sawicka,female,451581833,Sawicka.Helena@gmail.com
35,Lilianna,Fesz,female,695502907,LiliannaFesz@o2.pl
36,Michał,Kijek,male,736006497,KijekMichal@wp.pl
37,Maria,Bińkowska,female,781195779,Maria.Bink@wp.pl
38,Tymon,Organek,male,574673623,Organek6987@gmail.com
39,Amelia,Chmielewska,female,537389592,Amelia.Chmielewska@wp.pl
40,Diana,Płońska,female,693752923,Diana.Plo@wp.pl
41,Gabriela,Kwiatkowska,female,571463107,Gabriela240@gmail.com
42,Iga,Buczkowska,female,572477905,Buczkowska.Iga@gmail.com
43,Danuta,Ostachowska,female,518479152,Ostachowska.Danuta@gmail.com
44,Kaja,Poździk,female,508075835,Pozdzik.Kaj@onet.pl
45,Dorian,Sender,male,508044879,Dorian.Send@gmail.com
46,Dawid,Górecki,male,578755041,Gorecki.Dawid@o2.pl
47,Izabela,Hołołob,female,698869747,Izabela1152@o2.pl
48,Ksawery,Lewicki,male,536052849,Ksawery.Lew@wp.pl
49,Brajan,Tonder,male,728067126,Brajan.Tonder@gmail.com
50,Stanisław,Sowa,male,518937176,Sowa.St@wp.pl
51,Marcelina,Słaby,female,786652217,Slaby6137@interia.pl
52,Wiktoria,Filippova,female,691428946,Wiktoria.Fil@onet.pl
53,Jowita,Nowakowska,female,721108338,Jowita7180@o2.pl
54,Julia,Nastalczyk,female,457259916,JuliaNastalczyk@gmail.com
55,Adrian,Śliwowski,male,532048715,Sliwowski.Adrian@gmail.com
56,Szymon,Szaro,male,517600080,Szaro7491@wp.pl
57,Hanna,Jazowy,female,733019428,Jazowy562@interia.pl
58,Błażej,Niedziela,male,735459123,Blazej.Nie@wp.pl
59,Radosław,Skirzewski,male,454843134,Skirzewski.Radoslaw@wp.pl
60,Mikołaj,Górniacki,male,533698616,GorniackiMikolaj@wp.pl
61,Leon,Kyciński,male,513268445,Kycinski.Leon@wp.pl
62,Zuzanna,Roguszewska,female,457698970,RoguszewskaZuzanna@onet.pl
63,Szymon,Szabłowski,male,723236202,Szymon.Szab@onet.pl
64,Michalina,Kucharska,female,508676223,Kucharska.Michalina@gmail.com
65,Jakub,Woźniak,male,727880610,JakubWozniak@wp.pl
66,Amanda,Kołodziejczyk,female,458646487,Amanda.Kolodziejczyk@o2.pl
67,Eliza,Bieniek,female,724316569,Eliza.Bie@gmail.com
68,Felicja,Cywińska,female,737018831,Felicja.Cyw@gmail.com
69,Jakub,Szydeł,male,532484218,SzydelJakub@interia.pl
70,Szymon,Pikuta,male,668907744,Szymon8165@wp.pl
71,Leokadia,Kamińska,female,516941826,Kaminska.Leokadia@wp.pl
72,Aleksander,Karwowski,male,603714931,Karwowski5679@gmail.com
73,Milena,Jaruga,female,731423157,JarugaMilena@gmail.com
74,Zuzanna,Kępa,female,738492690,Zuzanna.Kepa@interia.pl
75,Bartosz,Smarzewski,male,692454674,Smarzewski.Bart@gmail.com
76,Jan,Zieliński,male,738213694,Jan.Zielinski@gmail.com
77,Nina,Wiącek,female,781836931,Wiacek6028@gmail.com
78,Leon,Rusinowski,male,882306685,Rusinowski.Leo@wp.pl
79,Oliwia,Witkowska,female,694778558,Oliwia5720@gmail.com
80,Mikołaj,Rąpel,male,732478629,MikolajRapel@onet.pl
81,Sofia,Zalewska,female,605412691,Zalewska.Sofia@gmail.com
82,Jan,Fugiel,male,531028390,Fugiel8299@onet.pl
83,Aleksander,Makarewicz,male,534557945,MakarewiczAleksander@o2.pl
84,Florian,Tworek,male,664424493,Tworek.Fl@o2.pl
85,Zofia,Golimowska,female,697442227,Golimowska.Zofia@onet.pl
86,Antoni,Ossowski,male,693849306,Ossowski.An@wp.pl
87,Nikodem,Raczek,male,537091732,Raczek.Nikodem@interia.pl
88,Wojciech,Źrebiec,male,457852725,Zrebiec.Wo@gmail.com
89,Hanna,Domalik,female,603445062,Domalik.Ha@wp.pl
90,Zuzanna,Wiklik,female,698127304,Wiklik.Zuz@o2.pl
91,Nela,Michalak,female,798999906,MichalakNela@wp.pl
92,Nikol,Movsisyan,female,452221482,Movsisyan.Nik@o2.pl
93,Aleksander,Kazimierczak,male,515635741,AleksanderKazimierczak@gmail.com
94,Lea,Gołkowska,female,531081353,Lea.Golkowska@onet.pl
95,Bartosz,Błaszczyk,male,501083615,Blaszczyk2260@wp.pl
96,Katarzyna,Zyzak,female,501481766,Zyzak.Katarzyna@wp.pl
97,Barbara,Lewandowska,female,604105077,LewandowskaBarbara@gmail.com
98,Antoni,Witkowski,male,782510519,Witkowski.An@gmail.com
99,Jakub,Tarnówka,male,783785507,Jakub8359@gmail.com
100,Sara,Koperska,female,724513709,Koperska.Sara@o2.pl
101,Milana,Bilewicz,female,452747826,Bilewicz3828@gmail.com
102,Zuzanna,Misztal,female,605246518,Zuzanna.Misz@wp.pl
103,Viktoriya,Stankiewicz,female,724847596,Viktoriya5959@onet.pl
104,Henryk,Marcol,male,691654905,Marcol.Henryk@wp.pl
105,Aleksy,Damazyn,male,694614104,Aleksy2799@gmail.com
106,Pola,Brózda,female,733612479,Pola.Brozda@interia.pl
107,Karol,Furmaniak,male,501652568,FurmaniakKarol@wp.pl
108,Szymon,Przytarski,male,884604260,Szymon.Przy@gmail.com
109,Kinga,Jędrzejewska,female,666847979,JedrzejewskaKinga@gmail.com
110,Zofia,Skoncej,female,692360289,Skoncej.Zofia@onet.pl
111,Pola,Maludzińska,female,535390730,Pola9028@wp.pl
112,Kornel,Zemeła,male,664024054,ZemelaKornel@wp.pl
113,Zofia,Plewa,female,508231985,Zofia6758@interia.pl
114,Kalina,Marchlewicz,female,578270916,Marchlewicz.Kalina@onet.pl
115,Mikołaj,Mikołajski,male,738230222,Mikolaj7243@gmail.com
116,Zofia,Gnatowska,female,787752862,GnatowskaZofia@wp.pl
117,Michał,Szymor,male,456762236,SzymorMichal@wp.pl
118,Mikołaj,Kiljanek,male,512371261,MikolajKiljanek@onet.pl
119,Stanisław,Krześniak,male,661269753,Stanislaw.Krzesniak@gmail.com
120,Liliana,Pramka,female,454210385,LilianaPramka@gmail.com
121,Miłosz,Matera,male,695245944,Milosz523@gmail.com
122,Paulina,Miazgowicz,female,726751006,Paulina5374@wp.pl
123,Wiktoria,Borczyk,female,664287677,Wiktoria.Borczyk@wp.pl
124,Antoni,Moskalenko,male,697364137,Antoni4874@wp.pl
125,Stanisław,Chybiorz,male,881607352,Stanislaw.Chy@onet.pl
126,Mikołaj,Szarejko,male,531582802,Szarejko.Mi@o2.pl
127,Bruno,Kowalski,male,882888863,Bruno.Kow@gmail.com
128,Natalia,Jabłońska,female,734757321,JablonskaNatalia@gmail.com
129,Nika,Baran,female,667307522,BaranNika@onet.pl
130,Anthony,Pancerz,male,454766731,Pancerz9282@onet.pl
131,Leon,Rajek,male,601002975,Leon1362@interia.pl
132,Oliwia,Bukowska,female,733583220,Bukowska.Oliwia@wp.pl
133,Emilia,Baranowska,female,516968268,BaranowskaEmilia@wp.pl
134,Bartosz,Komorowski,male,692731692,Komorowski.Bartosz@onet.pl
135,Anastazja,Kłosowicz,female,516194220,Anastazja.Klosowicz@onet.pl
136,Aleksandra,Szczęch,female,576896215,Szczech.Alek@o2.pl
137,Samuel,Januszewski,male,798322085,Samuel8633@gmail.com
138,Zuzanna,Lorent,female,783667799,Lorent.Zuz@wp.pl
139,Jan,Bańkowski,male,454040716,Jan873@wp.pl
140,Aleksander,Jerzak,male,693820615,Aleksander.Jerzak@gmail.com
141,Marcelina,Piankowska,female,537594388,Piankowska.Marcelina@o2.pl
142,Kacper,Aliev,male,725613829,Kacper3045@interia.pl
143,Sofia,Arndt,female,794704287,ArndtSofia@gmail.com
144,Liliana,Niedzielska,female,458125662,NiedzielskaLiliana@gmail.com
145,Liwia,Osijewska,female,602565680,LiwiaOsijewska@interia.pl
146,Aleksandra,Gac,female,502607083,Aleksandra.Gac@gmail.com
147,Maks,Lempa,male,454267162,MaksLempa@o2.pl
148,Jan,Wosiński,male,883198916,Jan7148@gmail.com
149,Klara,Kaczmarek,female,737958533,Klara1076@gmail.com
150,Tymon,Wojtkiewicz,male,452976618,TymonWojtkiewicz@wp.pl
151,Zofia,Górska,female,734819508,Zofia1579@wp.pl
152,Antoni,Bartnik,male,532095977,Antoni.Bartnik@wp.pl
153,Nikodem,Włodarek,male,883969330,Wlodarek3480@gmail.com
154,Inka,Figarska,female,881256608,InkaFigarska@interia.pl
155,Maksymilian,Pyrdoł,male,885815146,Pyrdol.Maks@wp.pl
156,Jakub,Tomaszkiewicz,male,538255595,Jakub.Tomaszkiewicz@gmail.com
157,Franciszek,Wyrostek,male,693531357,Franciszek.Wyro@interia.pl
158,Florentyna,Kłos,female,782626936,Klos.Fl@gmail.com
159,Stanisław,Gałaś,male,516398392,Stanislaw.Galas@gmail.com
160,Maja,Sawicki,female,738991793,Maja.Sawicki@gmail.com
161,Maja,Dorlet,female,666012086,Maja.Dor@gmail.com
162,Cyprian,Grzejszczyk,male,885685894,Cyprian.Grzejszczyk@wp.pl
163,Karolina,Szotek,female,512481438,Szotek9196@gmail.com
164,Noemi,Tabaka,female,887238729,Tabaka.Noem@gmail.com
165,Mikołaj,Lupa,male,538877204,Mikolaj644@onet.pl
166,Krzysztof,Chrościcki,male,733265709,Chroscicki.Krz@onet.pl
167,Solomiia,Geodecka,female,605450994,Solomiia.Geo@gmail.com
168,Zuzanna,Wiśniewska,female,607993254,Wisniewska.Zuzanna@wp.pl
169,Ksenia,Stolarczyk,female,783549345,StolarczykKsenia@gmail.com
170,Leon,Heftman,male,887634697,Heftman1814@interia.pl
171,Leon,Kimak,male,661882992,Leon1256@onet.pl
172,Gabriela,Błasik,female,608115133,GabrielaBlasik@onet.pl
173,Bernard,Oleszczuk,male,888307807,Oleszczuk7978@wp.pl
174,Zofia,Grzymała,female,503911773,GrzymalaZofia@gmail.com
175,Nela,Zielińska,female,698573751,Zielinska.Nela@wp.pl
176,Juliusz,Leśnik,male,883861051,Lesnik.Juliusz@wp.pl
177,Szymon,Kozłowski,male,452450483,SzymonKozlowski@gmail.com
178,Antoni,Matkowski,male,504298270,MatkowskiAntoni@gmail.com
179,Maria,Wąsalska,female,787094482,MariaWasalska@gmail.com
180,Iga,Pawlikowska,female,571833324,Iga.Paw@gmail.com
181,Alicja,Perekitko,female,537482106,Alicja.Per@onet.pl
182,Julia,Lewandowska,female,882338315,Lewandowska.Ju@o2.pl
183,Celina,Magryta,female,572970456,Magryta1619@wp.pl
184,Amelia,Duljan,female,514005878,Duljan.Amelia@wp.pl
185,Stefan,Węgrecki,male,721412261,Stefan.Wegr@o2.pl
186,Wiktor,Gerchant,male,697298238,Gerchant3949@o2.pl
187,Pola,Płomień,female,505200827,Pola.Plomien@onet.pl
188,Helena,Bonarek,female,535488684,Helena.Bonarek@wp.pl
189,Aleksandra,Wojenka,female,603435058,Wojenka5978@o2.pl
190,Miriam,Urbańska,female,501654816,MiriamUrbanska@onet.pl
191,Anna,Raczkowska,female,458767102,Raczkowska.Anna@wp.pl
192,Alicja,Kanderska,female,503458882,KanderskaAlicja@onet.pl
193,Kaja,Białożyt,female,571933483,Kaja.Bialozyt@onet.pl
194,Leon,Polis,male,513356492,PolisLeon@onet.pl
195,Nina,Szymańska,female,531802830,NinaSzymanska@wp.pl
196,Hanna,Kurasiewicz,female,884155138,Kurasiewicz2854@interia.pl
197,Antonina,Krześniak,female,606244026,Krzesniak.An@wp.pl
198,Nela,Wilińska,female,503646970,Nela.Wilinska@gmail.com
199,Jakub,Idziak,male,882921069,Idziak.Jaku@wp.pl
200,Miłosz,Johansson,male,736482710,MiloszJohansson@gmail.com
201,Amelia,Mardyła,female,691506025,Mardyla.Amel@gmail.com
202,Wiktoria,Pawełczak,female,881421470,Pawelczak.Wiktoria@interia.pl
203,Florentyna,Szaniecka,female,693578109,Florentyna.Szan@wp.pl
204,Mikołaj,Banasiak,male,517840495,Mikolaj3572@gmail.com
205,Henryk,Koko,male,698575999,Koko.Henryk@o2.pl
206,Marcelina,Utko,female,511995688,Utko.Marcelina@gmail.com
207,Aleksander,Godlewski,male,697655200,AleksanderGodlewski@interia.pl
208,Karolina,Bubak,female,668010668,KarolinaBubak@gmail.com
209,Adam,Malung,male,601853418,Adam9574@onet.pl
210,Antonina,Kamińska,female,692911795,Antonina9428@onet.pl
211,Aleksander,Wilda,male,695161049,Wilda.Al@gmail.com
212,Marcel,Klepacz,male,518223113,Marcel.Klepacz@onet.pl
213,Nicola,Urbańczyk,female,785302084,Urbanczyk.Nicola@wp.pl
214,Zofia,Kusiak,female,698557202,Kusiak.Zofia@gmail.com
215,Hanna,Raszpla,female,738165386,Hanna.Raszpla@o2.pl
216,Bruno,Wojciechowski,male,514941167,Bruno.Wojciechowski@onet.pl
217,Lena,Starosta,female,602711756,Lena7841@interia.pl
218,Jan,Szuba,male,575193624,Szuba.Jan@gmail.com
219,Róża,Malinowska,female,793252395,Roza7122@wp.pl
220,Filip,Kusiak,male,884682572,Filip.Kusiak@wp.pl
221,Marta,Lach,female,456645821,MartaLach@wp.pl
222,Adrianna,Cupiał,female,537240131,AdriannaCupial@o2.pl
223,Maja,Dominiczak,female,603124844,Dominiczak.Maja@gmail.com
224,Michał,Okoń,male,451027078,Okon.Mic@gmail.com
225,Oliwier,Kłys,male,538627001,KlysOliwier@gmail.com
226,Agnieszka,Kowalewska,female,578346337,Agnieszka.Kowalewska@gmail.com
227,Amelia,Grądzik,female,732457579,Amelia.Gradzik@gmail.com
228,Wojciech,Kowolik,male,518865923,KowolikWojciech@gmail.com
229,Julia,Biernat,female,731708648,Biernat.Julia@onet.pl
230,Iga,Łukowicz,female,536906091,Lukowicz.Iga@o2.pl
231,Leo,Przybyłek,male,517230072,Przybylek.Leo@gmail.com
232,Paulina,Malinowska,female,792438902,MalinowskaPaulina@wp.pl
233,Blanka,Sołogub,female,578532997,Blanka.Sologub@onet.pl
234,Wojciech,Pawłowski,male,571602066,Pawlowski.Wojciech@o2.pl
235,Marcel,Szabunio,male,453847612,Marcel6202@gmail.com
236,Justyna,Czapiga,female,538220438,CzapigaJustyna@wp.pl
237,Igor,Domański,male,735080559,Igor.Domanski@gmail.com
238,Oliwier,Kopczyński,male,663758781,Oliwier2324@interia.pl
239,Wanda,Łuckiewicz,female,723885413,Wanda8712@gmail.com
240,Julia,Nowakowicz,female,455508160,Julia5592@gmail.com
241,Leon,Lewandowski,male,737566170,Lewandowski4481@wp.pl
242,Alena,Patton,female,661015257,Patton2991@gmail.com
243,Anna,Mosakowska,female,531335343,Anna.Mosakowska@gmail.com
244,Iga,Bubnowicz,female,884496077,IgaBubnowicz@gmail.com
245,Wojciech,Przybyła,male,452945514,Przybyla.Wojciech@o2.pl
246,Liliana,Lip,female,573175497,LilianaLip@gmail.com
247,Łucja,Dyminczuk,female,694510614,Lucja3029@gmail.com
248,Łucja,Płóciennik,female,798371079,LucjaPlociennik@wp.pl
249,Leon,Popławski,male,606156826,Poplawski.Leon@gmail.com
250,Klara,Bąkowska,female,511187323,BakowskaKlara@interia.pl
251,Nikodem,Ruciński,male,782679246,Rucinski.Niko@o2.pl
252,Zofia,Gręda,female,885949069,GredaZofia@wp.pl
253,Jakub,Merło,male,781029557,Jakub7839@interia.pl
254,Tomasz,Sokołowski,male,788790848,Sokolowski.To@gmail.com
255,Zofia,Fryga,female,793168515,Fryga1545@gmail.com
256,Kordian,Sobczyk,male,798515474,Sobczyk7699@o2.pl
257,Alicja,Kisielewicz,female,722825796,Alicja.Kisielewicz@gmail.com
258,Laura,Gruszczyńska,female,536523419,Laura.Grus@o2.pl
259,Jan,Winkowski,male,512083833,WinkowskiJan@o2.pl
260,Dawid,Musioł,male,796661431,Musiol.Dawi@gmail.com
261,Anna,Ofiara,female,457657286,Anna.Ofiara@o2.pl
262,Mikołaj,Skoniecki,male,732044289,MikolajSkoniecki@o2.pl
263,Hubert,Neumann,male,882369406,NeumannHubert@gmail.com
264,Maksymilian,Tsishkevich,male,791189771,Tsishkevich333@gmail.com
265,Julia,Skałecka,female,884262765,SkaleckaJulia@wp.pl
266,Piotr,Wojciechowski,male,513132885,Wojciechowski.Piot@onet.pl
267,Aleksander,Mucha,male,883997874,Mucha.Aleksander@gmail.com
268,Krzysztof,Łapiński,male,502986970,LapinskiKrzysztof@wp.pl
269,Anastazja,Szumska,female,578484204,Anastazja.Szumska@gmail.com
270,Oskar,Nowak,male,695821072,Oskar.Nowak@onet.pl
271,Eryk,Pantoł,male,507753675,Pantol6648@student.pwr.edu.pl
272,Wanda,Szymańska,female,577488436,Szymanska.Wanda@gmail.com
273,Marcel,Domański,male,602813851,MarcelDomanski@o2.pl
274,Marek,Ciachera,male,533874099,CiacheraMarek@interia.pl
275,Franciszek,Kucharski,male,575192530,Kucharski8100@onet.pl
276,Teodor,Skwara,male,575643133,Teodor1300@wp.pl
277,Izabela,Ruchała,female,451904103,Ruchala1779@onet.pl
278,Apolonia,Dybczyńska,female,531018940,Apolonia.Dyb@gmail.com
279,Antonina,Zarzycka,female,734375888,Antonina.Zar@interia.pl
280,Zofia,Hyży,female,571007771,Zofia.Hyzy@gmail.com
281,Amelia,Jany,female,793915282,Amelia7448@wp.pl
282,Emilia,Klimczyk,female,735652808,Klimczyk761@gmail.com
283,Hubert,Stawarz,male,787019119,Stawarz.Hubert@gmail.com
284,Milena,Górska,female,734124613,Milena.Gors@gmail.com
285,Łucja,Gwóźdź,female,792179844,Gwozdz.Luc@wp.pl
286,Zuzanna,Maszner,female,787341774,Maszner.Zuzanna@wp.pl
287,Igor,Mrotek,male,722975840,MrotekIgor@o2.pl
288,Laura,Wieczorek,female,508610262,Laura.Wieczorek@onet.pl
289,Solomiia,Szymańska,female,697422355,Szymanska8293@gmail.com
290,Miłosz,Barć,male,506897818,Barc.Milosz@gmail.com
291,Sofiia,Dudek,female,723524551,Sofiia.Dude@onet.pl
292,Ewa,Olszewska,female,536681855,OlszewskaEwa@wp.pl
293,Kacper,Sobólski,male,502600207,Sobolski6009@interia.pl
294,Ida,Krajewska,female,796540335,Ida.Krajewska@wp.pl
295,Hanna,Wysocka,female,696669426,WysockaHanna@wp.pl
296,Klara,Dubaniowska,female,886319905,Klara.Dub@wp.pl
297,Gabriel,Streicher,male,733949393,StreicherGabriel@interia.pl
298,Michalina,Gałczyńska,female,605587032,GalczynskaMichalina@gmail.com
299,Franciszek,Marciniak,male,792518482,Franciszek8002@interia.pl
300,Zofia,Paczyńska,female,786715579,Paczynska7422@gmail.com
301,Wiktor,Borek,male,722979327,Borek.Wik@wp.pl
302,Magdalena,Świerczek,female,451420748,Swierczek.Magdalena@wp.pl
303,Nikodem,Wierzchowski,male,884304303,Wierzchowski1714@gmail.com
304,Emilia,Kurzątkowska,female,721106345,Kurzatkowska9377@onet.pl
305,Nikodem,Dorna,male,575012356,NikodemDorna@gmail.com
306,Marcelina,Łukasik,female,796646515,MarcelinaLukasik@onet.pl
307,Wiktoria,Glenc,female,503278015,Glenc4568@gmail.com
308,Apolonia,Gniot,female,535660640,Apolonia.Gni@onet.pl
309,Gleb,Koźmiński,male,786396089,Gleb1458@gmail.com
310,Anastazja,Nowakowska,female,695106932,Nowakowska.Anastazja@interia.pl
311,Nathan,Jasiński,male,532003817,Jasinski2309@gmail.com
312,Tymon,Borzym,male,575147292,Tymon.Bor@gmail.com
313,Florian,Janczewski,male,534277219,Florian.Janc@onet.pl
314,Agata,Jabłońska,female,535937980,AgataJablonska@onet.pl
315,Janina,Bednarz,female,502872630,Bednarz.Jani@o2.pl
316,Kuba,Woźniak,male,737795471,KubaWozniak@onet.pl
317,Stella,Piątkowska,female,782659879,PiatkowskaStella@wp.pl
318,Zlata,Łuczyk,female,451638099,Zlata.Luc@wp.pl
319,Marcelina,Matczuk,female,885971327,Matczuk.Marcelina@gmail.com
320,Julia,Wienconek,female,514777680,JuliaWienconek@gmail.com
321,Klara,Kalinowska,female,577767274,KalinowskaKlara@onet.pl
322,Hanna,Bęben,female,601927207,Beben.Hanna@gmail.com
323,Marcel,Skoczylas,male,791850319,MarcelSkoczylas@interia.pl
324,Olivia,Błaszkiewicz,female,661768865,Olivia.Bla@wp.pl
325,Witold,Marszałek,male,693258430,WitoldMarszalek@wp.pl
326,Maria,Osobińska,female,793659472,Osobinska2918@wp.pl
327,Lena,Kobza,female,573759891,Lena.Kobza@wp.pl
328,Aleksandra,Adamczak,female,503185400,Aleksandra.Adamczak@gmail.com
329,Natan,Kęsik,male,536149437,KesikNatan@gmail.com
330,Nikodem,Stachowiak,male,607506362,Nikodem.Sta@onet.pl
331,Hanna,Jabłońska,female,518288040,JablonskaHanna@gmail.com
332,Kamila,Fira,female,501316365,Fira469@onet.pl
333,Nela,Stramska,female,455112398,Stramska.Nel@wp.pl
334,Zofia,Prędka,female,721781990,PredkaZofia@gmail.com
335,Milena,Piasta,female,602315423,MilenaPiasta@onet.pl
336,Luiza,Lenartowicz,female,792263391,Luiza.Lena@onet.pl
337,Jagoda,Opiła,female,511670256,JagodaOpila@gmail.com
338,Iga,Bandosz,female,731486315,IgaBandosz@o2.pl
339,Luiza,Vu,female,796210653,Luiza2044@wp.pl
340,Milena,Fijałkowska,female,793860149,Milena.Fij@gmail.com
341,Rozalia,Bilewicz,female,458513632,Rozalia6738@onet.pl
342,Jan,Górny,male,454306001,JanGorny@wp.pl
343,Michalina,Rupniewska,female,517430932,Rupniewska.Michalina@interia.pl
344,Hubert,Pancer,male,534795778,Pancer.Hube@wp.pl
345,Gabriela,Skonieczna,female,737203921,Skonieczna.Ga@wp.pl
346,Alicja,Dąbrowska,female,783642171,AlicjaDabrowska@wp.pl
347,Maksymilian,Błaszczyk,male,501681243,Maksymilian.Blaszczyk@interia.pl
348,Witold,Lizoń,male,456524410,Witold8503@onet.pl
349,Amelia,Chodakowska,female,575978759,Chodakowska1263@wp.pl
350,Mieszko,Siwak,male,574494165,Mieszko5395@wp.pl
351,Wiktor,Jankowski,male,797504019,Wiktor9021@gmail.com
352,Alicja,Szumigaj,female,794137650,Szumigaj.Alicja@gmail.com
353,Rita,Mizera,female,573908834,Mizera.Rita@wp.pl
354,Karolina,Gręda,female,723245078,Karolina.Gred@gmail.com
355,Dawid,Raczyński,male,798731678,Dawid7763@onet.pl
356,Oliwier,Zawadzki,male,538145208,Zawadzki.Oliwier@wp.pl
357,Pola,Gomółka,female,662230939,Gomolka5847@gmail.com
358,Kazimierz,Biedroń,male,458700668,Biedron.Kazimierz@wp.pl
359,Leo,Nastaga,male,726878050,Leo.Nast@interia.pl
360,Borys,Żołdowicz,male,881049921,Zoldowicz.Borys@wp.pl
361,Leon,Dziewulski,male,736636340,Leon.Dziewulski@gmail.com
362,Maria,Tur,female,602820016,Tur.Mar@onet.pl
363,Jagoda,Raguza,female,667521985,Raguza2567@gmail.com
364,Solomiia,Imiela,female,784947623,SolomiiaImiela@gmail.com
365,Julia,Długosz,female,785535446,Julia.Dlu@onet.pl
366,Piotr,Melnyk,male,793458305,MelnykPiotr@onet.pl
367,Kaja,Górowska,female,537869335,Kaja6193@wp.pl
368,Nikodem,Popielnicki,male,663192298,PopielnickiNikodem@o2.pl
369,Emilia,Pietrykowska,female,503196894,Pietrykowska.Emi@gmail.com
370,Gaja,Olejniczak,female,668405134,Olejniczak.Gaja@wp.pl
371,Anna,Niemiec,female,724295677,Anna3793@wp.pl
372,Witold,Micał,male,502983717,WitoldMical@wp.pl
373,Zuzanna,Dygas,female,668017255,Dygas5348@gmail.com
374,Polina,Bobyk,female,574471259,Polina5617@gmail.com
375,Pola,Beresińska,female,601635967,Beresinska.Pola@gmail.com
376,Kornel,Rymarz,male,601367875,Kornel.Rymarz@o2.pl
377,Stanisław,Grabowski,male,787968255,GrabowskiStanislaw@wp.pl
378,Emilia,Jadczyszyn,female,504016565,JadczyszynEmilia@gmail.com
379,Kamila,Żyłka,female,888692050,ZylkaKamila@wp.pl
380,Martyna,Kawka,female,726911951,MartynaKawka@onet.pl
381,Tomasz,Woronicz,male,666338815,TomaszWoronicz@gmail.com
382,Laura,Duraj,female,881203212,Duraj9063@interia.pl
383,Jakub,Urbański,male,882959186,Urbanski.Jakub@wp.pl
384,Maria,Ryńska,female,513564030,Rynska4354@wp.pl
385,Milana,Nowicka,female,455184919,NowickaMilana@gmail.com
386,Franciszek,Majchrzak,male,578314595,FranciszekMajchrzak@interia.pl
387,Witold,Błoński,male,731740844,Blonski.Wi@gmail.com
388,Zuzanna,Bartczak,female,516233961,BartczakZuzanna@onet.pl
389,Jan,Fronk,male,786322554,Fronk.Jan@wp.pl
390,Mikołaj,Przywara,male,506060234,Przywara.Mikolaj@gmail.com
391,Anastazja,Stanałowska,female,512130257,AnastazjaStanalowska@gmail.com
392,Lena,Gołębiewska,female,577676399,Lena7112@gmail.com
393,Veronika,Tyska,female,793861432,Veronika.Tyska@onet.pl
394,Marek,Szumilas,male,532311048,Szumilas.Marek@o2.pl
395,Nikodem,Dąbek,male,886816176,DabekNikodem@onet.pl
396,Franciszek,Nowiński,male,691902178,FranciszekNowinski@gmail.com
397,Miłosz,Kowalczyk,male,881214316,Milosz.Kowalczyk@o2.pl
398,Jan,Skupień,male,698469379,Jan8906@wp.pl
399,Illia,Boryta,male,736821493,Boryta.Illi@wp.pl
400,Liwia,Sowa,female,732276903,Liwia.Sowa@gmail.com
401,Maja,Kiełbowicz,female,695691828,MajaKielbowicz@gmail.com
402,Nikodem,Czarnik,male,517106698,Nikodem.Czarnik@o2.pl
403,Daniel,Żmuda,male,668561935,Daniel.Zmud@interia.pl
404,Jagoda,Kopeć,female,691125964,Kopec.Ja@gmail.com
405,Mateusz,Walczak,male,601582680,Walczak.Ma@onet.pl
406,Zofia,Woźniak,female,796928388,ZofiaWozniak@o2.pl
407,Kaja,Sidor,female,723393930,Kaja.Sid@wp.pl
408,Thea,Gajdamowicz,female,531176746,Gajdamowicz.Thea@gmail.com
409,Laura,Dąbska,female,574344755,Dabska.Laura@gmail.com
410,Leon,Romejko,male,512806653,Leon.Rom@wp.pl
411,Tomasz,Storozhenko,male,604345047,Storozhenko.Toma@gmail.com
412,Leon,Świnicki,male,722910230,LeonSwinicki@gmail.com
413,Wiktoria,Staśkiewicz,female,602502086,Wiktoria.Stas@o2.pl
414,Krzysztof,Siekierko,male,512039924,Krzysztof9738@wp.pl
415,Eryk,Wolniewicz,male,797727770,WolniewiczEryk@gmail.com
416,Hubert,Osuch,male,723331941,Osuch.Hub@gmail.com
417,Artur,Hęciak,male,728041313,Heciak6147@wp.pl
418,Tymon,Pawluczuk,male,518303298,PawluczukTymon@gmail.com
419,Diana,Hyrlik,female,728378740,Hyrlik8688@wp.pl
420,Stefania,Zakrzewska,female,788414881,StefaniaZakrzewska@wp.pl
421,Mia,Klatka,female,885195140,Mia910@wp.pl
422,Lena,Król,female,608776789,Krol8177@gmail.com
423,Pola,Kajdaniak,female,721326339,PolaKajdaniak@gmail.com
424,Melaniia,Daly,female,782331126,Daly.Melaniia@onet.pl
425,Helena,Nowok,female,603364851,HelenaNowok@wp.pl
426,Nikodem,Kot,male,511980072,NikodemKot@wp.pl
427,Jakub,Kordas,male,667605049,KordasJakub@gmail.com
428,Alicja,Mock,female,695187590,MockAlicja@wp.pl
429,Maja,Śledź,female,698873185,Sledz3219@o2.pl
430,Aniela,Bruszczak,female,531174922,Aniela.Bruszczak@onet.pl
431,Maja,Zielińska,female,503087312,MajaZielinska@onet.pl
432,Aniela,Mularz,female,508987545,Aniela.Mularz@interia.pl
433,Laura,Banach,female,695374711,Banach.Lau@onet.pl
434,Michał,Świerad,male,517377600,Michal6609@wp.pl
435,August,Stręk,male,792300555,August.Stre@wp.pl
436,Paweł,Fabicki,male,881304417,Pawel2963@wp.pl
437,Jan,Grabowski,male,531586449,GrabowskiJan@gmail.com
438,Nina,Zarzeczna,female,606169936,Zarzeczna.Nina@wp.pl
439,Natan,Wróblewski,male,601550665,Natan5697@interia.pl
440,Bartosz,Tomczak,male,518067946,Tomczak.Bartosz@onet.pl
441,Rozalia,Rzeźnikiewicz,female,736430279,Rozalia401@wp.pl
442,Helena,Żak,female,458105351,Helena1127@wp.pl
443,Bartosz,Ostrówka,male,514317810,Bartosz.Ostrowka@interia.pl
444,Aleksander,Załęski,male,663417341,Aleksander.Zal@wp.pl
445,Radosław,Klimczak,male,887370176,KlimczakRadoslaw@onet.pl
446,Hanna,Kołdon,female,696473436,HannaKoldon@wp.pl
447,Kornel,Nowak,male,603369989,Nowak.Kornel@gmail.com
448,Laura,Szcześniak,female,512601046,Laura.Szczesniak@gmail.com
449,Lena,Konieczna,female,604860201,Lena5499@interia.pl
450,Adrian,Wróbel,male,515853323,AdrianWrobel@wp.pl
451,Zofia,Kosecka,female,535926422,Kosecka9617@onet.pl
452,Lucjan,Sysoiev,male,513871745,Lucjan.Sysoiev@gmail.com
453,Szymon,Łoboziak,male,782217031,Loboziak.Szymon@o2.pl
454,Nadia,Czarnecka,female,572211351,Czarnecka.Nadia@onet.pl
455,Gracjan,Dominiak,male,607121130,Dominiak.Gracjan@o2.pl
456,Iga,Kocoń,female,508563887,Iga9674@gmail.com
457,Emilia,Kłopotowska,female,784114146,EmiliaKlopotowska@gmail.com
458,Milena,Elżbieciak,female,573664830,MilenaElzbieciak@gmail.com
459,Oleksandra,Frącz,female,726655757,OleksandraFracz@gmail.com
460,Artur,Nowosielski,male,506743394,Artur.Nowo@interia.pl
461,Adrianna,Sadłowska,female,666970331,AdriannaSadlowska@gmail.com
462,Piotr,Orłowski,male,666665828,Piotr.Orlowski@gmail.com
463,Ilja,Zięcik,male,572555288,Ziecik.Ilj@gmail.com
464,Tymon,Syrokosz,male,515243807,TymonSyrokosz@gmail.com
465,Ignacy,Łuszczak,male,513023443,Luszczak.Ignacy@wp.pl
466,Matvii,Cybulski,male,662885343,Matvii.Cyb@o2.pl
467,Mikołaj,Brauer,male,667401186,BrauerMikolaj@wp.pl
468,Milena,Bator,female,887767448,Bator.Mil@gmail.com
469,Nel,Ochenduszko,female,786401033,Nel8054@wp.pl
470,Paweł,Kanadys,male,887423470,Pawel.Kanadys@wp.pl
471,Bartosz,Supiński,male,572059697,Bartosz.Supinski@onet.pl
472,Oliwia,Bobel,female,734881261,Oliwia6502@gmail.com
473,Daniella,Łabuda,female,517311015,Daniella.Labuda@gmail.com
474,Yana,Onyszczak,female,572178558,Yana.Ony@wp.pl
475,Karol,Krzykowski,male,573998106,KarolKrzykowski@gmail.com
476,Adam,Czerny,male,881566821,Czerny.Ad@onet.pl
477,Joanna,Kołdyj,female,723794195,Koldyj.Joanna@gmail.com
478,Olivia,Gruszka,female,721166832,Olivia.Gru@gmail.com
479,Amelia,Gruchała,female,537154184,Gruchala7687@gmail.com
480,Zofia,Sokołowska,female,788987915,Sokolowska.Zofia@o2.pl
481,Mira,Wojewoda,female,697315103,Mira2358@gmail.com
482,Jan,Kowalski,male,533185966,Kowalski.Jan@gmail.com
483,Witold,Piotrowski,male,606264698,PiotrowskiWitold@gmail.com
484,Amelia,Rytwińska,female,695125169,AmeliaRytwinska@gmail.com
485,Maria,Hildt,female,791199301,Hildt.Ma@onet.pl
486,Oskar,Kaczkan,male,504248948,Oskar4164@o2.pl
487,Anna,Nowak,female,603099113,Nowak3944@gmail.com
488,Borys,Nowak,male,788171992,Nowak.Bor@o2.pl
489,Martyna,Rutkowska,female,732548327,Rutkowska.Martyna@wp.pl
490,Alexandre,Rutkowski,male,782826157,Alexandre2187@onet.pl
491,Paweł,Kołodziejczyk,male,721553463,Pawel7123@gmail.com
492,Antoni,Marin,male,884343052,Antoni2088@gmail.com
493,Viktor,Szydłowski,male,793980504,SzydlowskiViktor@interia.pl
494,Wiktoria,Kajfasz,female,457642936,Wiktoria.Kajfasz@onet.pl
495,Dominik,Dańczak,male,662762440,Dominik.Danc@onet.pl
496,Hanna,Nowakowska,female,736140003,Hanna.Nowa@onet.pl
497,Mark,Myśliwiec,male,667165893,Mysliwiec.Mark@wp.pl
498,Małgorzata,Peszke,female,886500632,Malgorzata.Peszke@wp.pl
499,Makar,Tabin,male,536667927,Tabin.Mak@gmail.com
500,Julia,Wałecka,female,604081198,Julia.Wal@gmail.com
501,Lena,Rzęchowska,female,576312292,Rzechowska8971@interia.pl
502,Marek,Cuber,male,698334155,Marek1267@o2.pl
503,Iga,Daniszewska,female,782087467,IgaDaniszewska@onet.pl
504,Antoni,Kopcza,male,735752881,Antoni.Kop@onet.pl
505,Laura,Lavrynenko,female,454122126,LavrynenkoLaura@o2.pl
506,Pola,Grodzka,female,738936029,Grodzka.Pola@onet.pl
507,Stanisław,Majka,male,608615005,Majka.St@gmail.com
508,Jagna,Megger,female,452298754,Megger2701@onet.pl
509,Natalia,Kujawa,female,793635658,Natalia.Kuj@onet.pl
510,Alisa,Cichowicz,female,603550918,Alisa7240@wp.pl
511,Amina,Misala,female,458816149,Amina.Misa@gmail.com
512,Szymon,Brodziak,male,787511911,Brodziak.Szymon@gmail.com
513,Lena,Marzec,female,537366403,Lena3796@gmail.com
514,Dagmara,Michalska,female,516285813,Dagmara.Michalska@wp.pl
515,Zuzanna,Rolka,female,722450546,Rolka.Zu@wp.pl
516,Adam,Zawadzki,male,737345519,Zawadzki.Adam@wp.pl
517,Oliwier,Romanowski,male,665671832,Oliwier2858@wp.pl
518,Maja,Karwowska,female,696229920,MajaKarwowska@gmail.com
519,Filip,Adamski,male,793041745,FilipAdamski@gmail.com
520,Emilia,Szpak,female,887410956,Emilia.Szpak@onet.pl
521,Wojciech,Szalbierz,male,793517794,Wojciech.Szalbierz@onet.pl
522,Tomasz,Błaszczyk,male,737626134,Tomasz7950@onet.pl
523,Apolonia,Rachubka,female,696553047,RachubkaApolonia@gmail.com
524,Laura,Kołodziej,female,666280600,Kolodziej1639@wp.pl
525,Liliana,Wawrzyniak,female,507720721,Liliana.Waw@onet.pl
526,Daniel,Jasiński,male,667105434,Jasinski.Dani@gmail.com
527,Kacper,Wójtowicz,male,794353688,KacperWojtowicz@onet.pl
528,Teresa,Bodzioch,female,794050463,TeresaBodzioch@wp.pl
529,Zuzanna,Wilga,female,515060332,WilgaZuzanna@gmail.com
530,Milena,Hat,female,693384324,Hat.Milena@gmail.com
531,Milena,Kaczmarek,female,572207227,KaczmarekMilena@onet.pl
532,Pola,Deptalska,female,668228984,Deptalska8900@gmail.com
533,Kaja,Szewczyk,female,724700651,Szewczyk.Ka@onet.pl
534,Maja,Bilska,female,663867673,MajaBilska@gmail.com
535,Jakub,Kotyla,male,784297109,Kotyla.Ja@o2.pl
536,Zofia,Grass,female,798837481,Zofia.Gra@wp.pl
537,Kuba,Kos,male,782431207,Kuba.Kos@o2.pl
538,Kornelia,Janczak,female,881265485,Janczak.Kornelia@gmail.com
539,Aleksandra,Pisera,female,691587203,Pisera3733@gmail.com
540,Liliana,Trzupek,female,516906847,Liliana2073@onet.pl
541,Nikodem,Bykowski,male,693392226,Bykowski.Ni@wp.pl
542,Marcelina,Piotrowska,female,728521072,MarcelinaPiotrowska@onet.pl
543,Zofia,Klimek,female,788758748,ZofiaKlimek@wp.pl
544,Wojciech,Dąbrowski,male,513306076,WojciechDabrowski@o2.pl
545,Robert,Markiewicz,male,505682982,Markiewicz4788@wp.pl
546,Filip,Bala,male,727870927,Filip.Bala@wp.pl
547,Klara,Smaczyńska,female,886047474,Klara.Smac@gmail.com
548,Jakub,Goraj,male,532476256,Goraj.Jakub@wp.pl
549,Emily,Kulesa,female,577941846,Emily.Kule@onet.pl
550,Jan,Pęcak,male,665517011,Pecak.Jan@wp.pl
551,Maksymilian,Jędruchów,male,723282672,Jedruchow8200@wp.pl
552,Bogusław,Starzec,male,736285117,StarzecBoguslaw@gmail.com
553,Aleksander,Kurdziel,male,727395865,Aleksander.Kurdziel@gmail.com
554,Ignacy,Murawski,male,735528379,Murawski.Ignacy@onet.pl
555,Kacper,Antkowicz,male,738955169,AntkowiczKacper@o2.pl
556,Krzysztof,Wasilewski,male,604900146,Krzysztof.Wasilewski@o2.pl
557,Leo,Postek,male,697763097,PostekLeo@interia.pl
558,Patryk,Bardziejewski,male,517507044,PatrykBardziejewski@onet.pl
559,Nikodem,Ogórek,male,696859058,Ogorek.Niko@gmail.com
560,Karolina,Paleczna,female,691062800,PalecznaKarolina@wp.pl
561,Franciszek,Nazarkiewicz,male,572817216,NazarkiewiczFranciszek@gmail.com
562,Szymon,Branc,male,666993582,Branc.Szymon@gmail.com
563,Vitalina,Biela,female,578368977,Biela.Vit@wp.pl
564,Milan,Megger,male,517254901,Megger.Milan@gmail.com
565,Remigiusz,Sobański,male,884958023,Remigiusz.Sobanski@wp.pl
566,Angelina,Kamińska,female,722171632,Kaminska.Angelina@gmail.com
567,Gabriela,Szczygieł,female,698514412,Szczygiel.Gabriela@gmail.com
568,Pola,Szyińska,female,538180049,Pola.Szyinska@onet.pl
569,Marianna,Szadurska,female,721484188,Szadurska.Marianna@wp.pl
570,Jakub,Szupień,male,787536455,Jakub.Szup@interia.pl
571,Oliwia,Klęczaj,female,794725773,Kleczaj4563@interia.pl
572,Anna,Chojnacka,female,888055420,AnnaChojnacka@o2.pl
573,Anastazja,Michalska,female,793626158,Anastazja6821@interia.pl
574,Oliwier,Głośniak,male,536592835,Oliwier.Glosniak@onet.pl
575,Mark,Zhylin,male,506636397,Mark.Zhyl@gmail.com
576,Igor,Werner,male,738602678,Werner.Igor@wp.pl
577,Antonina,Zbrońska,female,503639594,Zbronska.Anto@onet.pl
578,Zofia,Ratułowska,female,884163814,ZofiaRatulowska@wp.pl
579,Bianka,Lorc,female,531986960,LorcBianka@gmail.com
580,Hugo,Rocki,male,785857671,Rocki.Hug@o2.pl
581,Artur,Tkocz,male,454289618,Tkocz.Artu@gmail.com
582,Diana,Lech,female,577058000,Diana.Lech@gmail.com
583,Róża,Rolnik,female,732573628,Roza.Roln@onet.pl
584,Eliasz,Korporowicz,male,534484990,Eliasz.Kor@interia.pl
585,Hanna,Dębiak,female,781787118,Debiak.Hann@gmail.com
586,Zoja,Czarnecka,female,504013281,Zoja.Czar@gmail.com
587,Tymoteusz,Mateńka,male,881603034,Matenka5926@wp.pl
588,Franciszek,Włodarczyk,male,606516734,Wlodarczyk1023@interia.pl
589,Aleksander,Dziurlikowski,male,666412199,Aleksander9184@gmail.com
590,Gabriel,Bury,male,887132566,Gabriel.Bury@gmail.com
591,Adam,Harkusha,male,602279441,Adam.Hark@wp.pl
592,Viktor,Adamski,male,785221210,Viktor.Adamski@onet.pl
593,Marcel,Pietrewicz,male,458809033,Marcel5953@onet.pl
594,Lara,Grzeszczak,female,513035627,Lara.Grz@gmail.com
595,Laura,Ładocha,female,666243841,Laura.Lad@wp.pl
596,Mikołaj,Subbota,male,511900799,Subbota.Mikolaj@wp.pl
597,Kornelia,Janecka,female,535329564,Janecka.Kornelia@interia.pl
598,Natalia,Łukaszewska,female,511453368,LukaszewskaNatalia@wp.pl
599,Jan,Madura,male,455106101,Jan.Madura@onet.pl
600,Amelia,Kamińska,female,457433730,AmeliaKaminska@wp.pl
601,Amelia,Kuloza,female,533403134,Amelia.Kuloza@onet.pl
602,Bartłomiej,Burec,male,782792400,BartlomiejBurec@onet.pl
603,Ada,Drab,female,786951155,AdaDrab@gmail.com
604,Nikodem,Paszkiewicz,male,693800094,Paszkiewicz.Nikodem@wp.pl
605,Iga,Trela,female,783421109,Iga6344@wp.pl
606,Zofia,Łojek,female,784008417,LojekZofia@onet.pl
607,Dina,Gwoździkowska,female,503713310,Gwozdzikowska.Dina@gmail.com
608,Zuzanna,Kozłowska,female,513851863,Zuzanna3979@o2.pl
609,Laura,Nastały,female,697316136,Laura.Nas@o2.pl
610,Franciszek,Biryło,male,608097412,Franciszek.Birylo@gmail.com
611,Matylda,Ostrowska,female,666927041,Matylda.Ost@onet.pl
612,Michalina,Widomska,female,513900728,Widomska7541@o2.pl
613,Stanisław,Rybalka,male,504848592,Stanislaw.Rybalka@onet.pl
614,Liliana,Pietraszko,female,572231517,Liliana.Pietraszko@onet.pl
615,Hanna,Ryznar,female,664174332,Hanna.Ryznar@wp.pl
616,Alicja,Straszok,female,504930483,StraszokAlicja@onet.pl
617,Amelia,Gutkowska,female,733124442,Amelia.Gutkowska@wp.pl
618,Bartłomiej,Rewa,male,534717031,Rewa.Bartlomiej@gmail.com
619,Leon,Nieużyła,male,796547876,Nieuzyla8935@gmail.com
620,Oliwia,Krawczyk,female,575118425,Krawczyk5204@onet.pl
621,Zofia,Kudłacz,female,882942333,ZofiaKudlacz@wp.pl
622,Aleksander,Chwała,male,535098476,Chwala3942@gmail.com
623,Aleksander,Białkowski,male,456913438,Aleksander5845@gmail.com
624,Emilia,Bielawa,female,725043394,Emilia5454@gmail.com
625,Aleksander,Litwin,male,605888686,LitwinAleksander@gmail.com
626,Bartosz,Handera,male,661992314,Handera.Bartosz@wp.pl
627,Oliwia,Szewczyk,female,694157079,Oliwia1455@gmail.com
628,Jan,Szostak,male,667985309,Szostak.Jan@wp.pl
629,Adela,Ratajczyk,female,693585853,Ratajczyk.Adel@gmail.com
630,Filip,Ślęzak,male,531987760,Slezak.Filip@onet.pl
631,Michał,Zander,male,605966294,Zander.Michal@gmail.com
632,Kacper,Godun,male,721374896,Kacper6756@interia.pl
633,Amalia,Czarnecka,female,661300868,Czarnecka8671@gmail.com
634,Marcelina,Kwiek,female,738530701,Kwiek.Mar@onet.pl
635,Leon,Lewandowski,male,501462004,LewandowskiLeon@gmail.com
636,Victoria,Jadeszko,female,884364994,Jadeszko.Vict@interia.pl
637,Laura,Gancarska,female,453517488,Gancarska.Laura@onet.pl
638,Laura,Molenda,female,663994906,Molenda.La@gmail.com
639,Julia,Pawelec,female,796026289,Julia.Pawelec@gmail.com
640,Agata,Krawczyk,female,607547753,Agata.Kraw@o2.pl
641,Pola,Kurowicka,female,695003994,Pola3122@gmail.com
642,Lena,Hans,female,578013609,Hans.Le@onet.pl
643,Gracjan,Kubis,male,532882152,Gracjan863@o2.pl
644,Zofia,Makowska,female,794923482,Makowska.Zofia@gmail.com
645,Alicja,Kurantowicz,female,725514210,KurantowiczAlicja@onet.pl
646,Laura,Mysiorska,female,786245459,MysiorskaLaura@wp.pl
647,Liam,Gołębiewski,male,692390453,GolebiewskiLiam@onet.pl
648,Izabella,Baryga,female,738172620,IzabellaBaryga@gmail.com
649,Nikola,Kudlek,female,726570709,Nikola.Kudl@gmail.com
650,Lena,Turaj,female,785121871,Lena8181@onet.pl
651,Nikodem,Biegański,male,578084993,BieganskiNikodem@o2.pl
652,Emilia,Długosz,female,731037865,Emilia.Dlug@wp.pl
653,Cezary,Krauza,male,536980715,Cezary4555@wp.pl
654,Stanisław,Smoleń,male,696091949,Stanislaw.Smolen@onet.pl
655,Tobiasz,Witt,male,572691955,TobiaszWitt@gmail.com
656,Emil,Sićko,male,692387646,Sicko.Emil@onet.pl
657,Leon,Grzebski,male,503962512,LeonGrzebski@gmail.com
658,Hanna,Baum,female,575599148,Baum.Hanna@onet.pl
659,Aleksandra,Kansy,female,667124257,Kansy2027@o2.pl
660,Jan,Kowalski,male,664729589,Kowalski.Jan@gmail.com
661,Anastazja,Wieczorkowska,female,792423416,AnastazjaWieczorkowska@o2.pl
662,Daryna,Puchalska,female,456723533,Daryna.Puch@wp.pl
663,Jakub,Latusek,male,574815422,Latusek.Jaku@gmail.com
664,Leon,Lewandowski,male,797642547,Lewandowski7733@gmail.com
665,Hanna,Batyra,female,513120107,Batyra.Hanna@gmail.com
666,Nikodem,Aronowicz,male,662621264,Nikodem4956@wp.pl
667,Oliwia,Folek,female,517124858,OliwiaFolek@gmail.com
668,Maja,Magosa,female,698216121,Magosa2712@gmail.com
669,Hubert,Krzaczyński,male,534820083,Krzaczynski.Hub@onet.pl
670,Amelia,Balik,female,787854005,AmeliaBalik@onet.pl
671,Hanna,Kasprzykowska,female,784237549,Hanna.Kasp@wp.pl
672,Juliusz,Charzewski,male,537613975,Juliusz7467@wp.pl
673,Ksawery,Tokarski,male,794700232,Tokarski.Ksa@gmail.com
674,Diana,Połchowska,female,534631092,PolchowskaDiana@onet.pl
675,Miłosz,Marynov,male,698167753,Milosz.Mar@onet.pl
676,Victor,Uszyński,male,512232900,Victor818@gmail.com
677,Klara,Bogdoł,female,797533072,Klara.Bogdol@gmail.com
678,Ignacy,Erdmann,male,782809073,IgnacyErdmann@gmail.com
679,Anastazja,Domagała,female,663389345,AnastazjaDomagala@gmail.com
680,Michalina,Krupa,female,733106788,KrupaMichalina@o2.pl
681,Jan,Raczek,male,532906158,JanRaczek@onet.pl
682,Zofia,Bocz,female,537515730,Zofia.Bocz@wp.pl
683,Pola,Stańczak,female,503951400,PolaStanczak@onet.pl
684,Tymon,Redmerski,male,735127992,Tymon9796@wp.pl
685,Feliks,Pepłowski,male,786893765,FeliksPeplowski@gmail.com
686,Olaf,Barabach,male,518410140,BarabachOlaf@interia.pl
687,Aleksander,Dobosz,male,578655565,Aleksander.Dobosz@onet.pl
688,Amelia,Kasprzyk,female,882275112,Kasprzyk.Am@o2.pl
689,Miłosz,Zakrzewski,male,732184742,Milosz6924@gmail.com
690,Eliza,Michałek,female,726057138,Michalek.Eliz@onet.pl
691,Bartosz,Turczyn,male,577116143,Bartosz.Turczyn@interia.pl
692,Laura,Kwiatek,female,515851874,Laura.Kwia@wp.pl
693,Emilia,Politowska,female,458831900,Politowska.Emilia@gmail.com
694,Zuzanna,Vorona,female,603830495,Vorona.Zuza@interia.pl
695,Jakub,Zieliński,male,574037281,Zielinski.Jakub@onet.pl
696,Emilia,Czachowska,female,785401432,Czachowska.Em@o2.pl
697,Szymon,Ciechanowicz,male,514786216,Ciechanowicz.Szym@onet.pl
698,Borys,Spiralski,male,696693625,SpiralskiBorys@student.pwr.edu.p
699,Mikołaj,Drygalski,male,885794196,Mikolaj440@onet.pl
700,Klara,Fifer,female,693043163,Klara251@interia.pl
701,Niklas,Kasperczak,male,454246664,Kasperczak8502@gmail.com
702,Laura,Miśkiewicz,female,603601513,Laura6543@wp.pl
703,Franciszek,Dzieża,male,608111475,Dzieza8843@gmail.com
704,Julia,Miemiec,female,787981114,Miemiec.Jul@gmail.com
705,Emilia,Dzierżyńska,female,535683715,Dzierzynska.Emil@wp.pl
706,Kazimierz,Walęczewski,male,516645192,Waleczewski.Kazi@onet.pl
707,Lucyna,Kotowska,female,503184906,KotowskaLucyna@gmail.com
708,Maja,Smoderek,female,798016019,Maja.Smoderek@onet.pl
709,Helena,Czerny,female,786157270,Helena.Cze@gmail.com
710,Kacper,Kosycarz,male,665377710,Kosycarz.Ka@wp.pl
711,Barbara,Okońska,female,693308311,Okonska.Barb@gmail.com
712,Teodor,Kwiatkowski,male,456333976,Teodor.Kwi@onet.pl
713,Tymon,Sokołowski,male,886794398,Sokolowski.Ty@onet.pl
714,Jakub,Dembowski,male,455014836,Dembowski.Ja@wp.pl
715,Marcelina,Kaczmarek,female,662720005,KaczmarekMarcelina@gmail.com
716,Aleksander,Opałka,male,575765751,Opalka.Aleksander@o2.pl
717,Dominik,Savin,male,792917387,Dominik1514@interia.pl
718,Aleksander,Dec,male,517209516,DecAleksander@interia.pl
719,Tymon,Tłoczek,male,575331442,TymonTloczek@wp.pl
720,Karol,Kawa,male,691026489,Kawa1461@onet.pl
721,Lena,Jarosz,female,507258270,Jarosz.Lena@wp.pl
722,Aleksandra,Majdanik,female,453569886,Aleksandra5417@interia.pl
723,Michalina,Kochan,female,536455961,Kochan.Michalina@gmail.com
724,Lena,Horczak,female,885503028,HorczakLena@wp.pl
725,Wiktor,Osiński,male,457010743,OsinskiWiktor@wp.pl
726,Iga,Chmielewska,female,888829285,Chmielewska.Iga@interia.pl
727,Sofia,Nehring,female,736783275,Nehring6812@wp.pl
728,Maksymilian,Kozera,male,601273582,Maksymilian.Koz@o2.pl
729,Zuzanna,Lapczyk,female,723475428,Zuzanna.Lapc@o2.pl
730,Julian,Grzegorczyk,male,607967101,Grzegorczyk.Ju@wp.pl
731,Julia,Michalska,female,601630501,Michalska.Julia@onet.pl
732,Antoni,Dąbrowski,male,695460980,Antoni1711@onet.pl
733,Marika,Jaworska,female,698724203,JaworskaMarika@onet.pl
734,Nela,Żarów,female,451316177,Nela1393@onet.pl
735,Amelia,Jaworska,female,452431631,Jaworska.Amelia@interia.pl
736,Zuzanna,Kołakowska,female,606738636,Zuzanna6248@gmail.com
737,Mia,Cieślak,female,456103224,Mia.Cieslak@gmail.com
738,Kacper,Tarabukin,male,511318717,Kacper.Tara@gmail.com
739,Matylda,Kamińska,female,532689531,Kaminska.Matylda@onet.pl
740,Beniamin,Tarka,male,798309922,Beniamin7645@wp.pl
741,Julia,Kołaczyńska,female,661734122,Kolaczynska3711@interia.pl
742,Weronika,Marciniak,female,736537477,Marciniak.Wer@onet.pl
743,Diana,Leczkowska,female,457736832,Leczkowska.Diana@gmail.com
744,Nikola,Wysocka,female,696425565,Wysocka4872@gmail.com
745,Mikołaj,Madeja,male,608653204,MikolajMadeja@wp.pl
746,Nela,Leisa,female,602470192,Leisa8607@gmail.com
747,Stanislav,Świercz,male,785938142,Swiercz.St@o2.pl
748,Aleksandra,Kącka,female,458236656,Kacka.Ale@wp.pl
749,Mariia,Stępień,female,503554403,Mariia.Step@interia.pl
750,Klara,Zelinska,female,734184526,Klara.Zel@gmail.com
751,Oskar,Wózek,male,531285926,Oskar.Wozek@onet.pl
752,Franciszek,Kowalik,male,794241073,Franciszek.Kow@onet.pl
753,Krystyna,Jędrzejko,female,735752287,Krystyna.Jedrzejko@wp.pl
754,Oliwia,Orzech,female,884973929,Oliwia.Orzech@onet.pl
755,Nadia,Kowalska,female,606679298,Nadia1509@interia.pl
756,Mikołaj,Rymko,male,537100491,Rymko.Mi@gmail.com
757,Sofia,Błaszczak,female,788996792,Sofia.Blas@wp.pl
758,Dmytro,Zajdel,male,661669229,Dmytro.Zajdel@gmail.com
759,Łukasz,Jaworski,male,518955752,LukaszJaworski@interia.pl
760,Helena,Kajszczak,female,517278047,Helena.Kaj@o2.pl
761,Oskar,Mieszkowski,male,885505431,Oskar.Mie@wp.pl
762,Pola,Iwanowska,female,515835353,Pola.Iwa@o2.pl
763,Wiktoria,Budzyna,female,797801223,Budzyna1626@interia.pl
764,Iga,Czop,female,607385730,IgaCzop@onet.pl
765,Miłosz,Staniszewski,male,454635687,Staniszewski7689@gmail.com
766,Róża,Dudek,female,692616568,DudekRoza@o2.pl
767,Pola,Gacka,female,692503924,Pola.Gac@onet.pl
768,Zofia,Słupczyńska,female,458764245,ZofiaSlupczynska@gmail.com
769,Tymoteusz,Kania,male,797514458,Kania.Tymoteusz@gmail.com
770,Michalina,Redlich,female,797427758,Michalina.Redlich@o2.pl
771,Tymoteusz,Kaliski,male,884685373,Kaliski7052@gmail.com
772,Yevheniia,Gręda,female,454814378,Yevheniia4811@gmail.com
773,Antoni,Libera,male,694583765,Libera9834@gmail.com
774,Maria,Mileszko,female,457632569,MileszkoMaria@wp.pl
775,Stanisław,Lazarek,male,732902400,LazarekStanislaw@onet.pl
776,Zoja,Florek,female,455085120,Florek.Zoj@wp.pl
777,Klara,Skarżyńska,female,455914549,Skarzynska.Kl@gmail.com
778,Antoni,Zielazny,male,885350484,Zielazny.Anto@onet.pl
779,Piotr,Karwacki,male,784107432,Karwacki.Pio@gmail.com
780,Pola,Hasiuk,female,537377887,PolaHasiuk@wp.pl
781,Olga,Olszewska,female,794468189,Olga840@gmail.com
782,Borys,Michalski,male,517791329,BorysMichalski@wp.pl
783,Filip,Słomiany,male,733209424,Filip5681@gmail.com
784,Lilia,Pawlukiewicz,female,663187932,Lilia5672@gmail.com
785,Róża,Tokarz,female,786786586,Tokarz4662@interia.pl
786,Marianna,Kołodziejek,female,577152022,Marianna5623@wp.pl
787,Zuzanna,Moczulska,female,691731457,Moczulska.Zuzanna@gmail.com
788,Mia,Krzyżyńska,female,798450236,Krzyzynska.Mia@gmail.com
789,Maja,Michalak,female,453626499,MajaMichalak@onet.pl
790,Ada,Kubiak,female,886364529,AdaKubiak@onet.pl
791,Bogdan,Bazydło,male,508938991,BogdanBazydlo@gmail.com
792,Ida,Stochla,female,501350309,Stochla.Ida@wp.pl
793,Aleksander,Książek,male,514904521,Ksiazek.Aleksander@wp.pl
794,Leon,Malczewski,male,725599609,Malczewski.Le@gmail.com
795,Franciszek,Krawczyk,male,797875785,Krawczyk.Franciszek@gmail.com
796,Igor,Sobczak,male,792592587,Sobczak.Ig@gmail.com
797,Miłosz,Matusiak,male,517177084,Matusiak.Milosz@gmail.com
798,Aleksander,Moniakowski,male,721265353,Moniakowski.Alek@onet.pl
799,Kacper,Strugalski,male,783764067,Strugalski.Ka@onet.pl
800,Paweł,Cyktor,male,505151087,Cyktor.Pawel@onet.pl
801,Nina,Krzyżak,female,881785127,KrzyzakNina@onet.pl
802,Tomasz,Wiktor,male,732388515,Tomasz.Wik@gmail.com
803,Kornel,Warzocha,male,601496216,Kornel8012@wp.pl
804,Dominika,Derlatka,female,692089752,DerlatkaDominika@interia.pl
805,Stefan,Gałązka,male,601835174,StefanGalazka@wp.pl
806,Laura,Cal,female,505737376,Cal.Laura@onet.pl
807,Ignacy,Baldy,male,693631037,IgnacyBaldy@wp.pl
808,Hubert,Hermann,male,721377712,Hermann5770@gmail.com
809,Lilia,Downar,female,738737037,LiliaDownar@gmail.com
810,Piotr,Kaczorowski,male,731661795,Kaczorowski.Piotr@wp.pl
811,Leon,Majewski,male,791090225,MajewskiLeon@wp.pl
812,Ignacy,Woźniak,male,608454255,Wozniak4130@wp.pl
813,Gustaw,Winiarski,male,794696702,WiniarskiGustaw@onet.pl
814,Radosław,Kyc,male,533239082,Radoslaw.Kyc@gmail.com
815,Lilianna,Gondzik,female,534542474,Lilianna.Gon@o2.pl
816,Pola,Nepelska,female,537943141,Pola4248@wp.pl
817,Mila,Brzezicka,female,724327738,Mila.Brzezicka@wp.pl
818,Wojciech,Wodyk,male,881994271,WojciechWodyk@gmail.com
819,Julia,Stankiewicz,female,698004672,StankiewiczJulia@onet.pl
820,Liwia,Dawidowicz,female,601278818,Dawidowicz.Liwi@wp.pl
821,Adam,Wittbrodt,male,698819484,Adam.Wit@gmail.com
822,Miron,Kubik,male,531968849,Kubik.Mi@gmail.com
823,Liliana,Grzegorzewicz,female,736356966,Liliana.Grz@onet.pl
824,Franciszek,Ogierman,male,783824381,OgiermanFranciszek@gmail.com
825,Stanisław,Kutkowski,male,502334952,KutkowskiStanislaw@o2.pl
826,Franciszek,Sobolewski,male,725861785,Franciszek5914@wp.pl
827,Kaja,Adamczyk,female,692229712,KajaAdamczyk@gmail.com
828,Alicja,Szustowska,female,881555424,Alicja9172@wp.pl
829,Leon,Aksamit,male,737959967,Leon.Aks@interia.pl
830,Gabriela,Mrozowska,female,603575525,Mrozowska.Gabriela@gmail.com
831,Jakub,Lipka,male,668408426,Lipka.Jakub@gmail.com
832,Adrian,Lewandowski,male,667328462,Adrian9182@gmail.com
833,Blanka,Borkowska,female,667671789,Blanka.Borkowska@gmail.com
834,Antonina,Markowska,female,532585342,Markowska4692@gmail.com
835,Dawid,Czajka,male,575537205,Dawid.Czaj@wp.pl
836,Kacper,Luniak,male,696132229,LuniakKacper@gmail.com
837,Daniel,Przyborowski,male,793288784,PrzyborowskiDaniel@gmail.com
838,Antoni,Marciszewski,male,884832643,Antoni1645@gmail.com
839,Laura,Szczechowicz,female,785069326,Laura1655@gmail.com
840,Kaja,Kwiecień,female,667403068,Kaja.Kwie@gmail.com
841,Hanna,Nowak,female,724100885,NowakHanna@gmail.com
842,Tola,Gargula,female,502306768,Tola.Gargula@wp.pl
843,Tadeusz,Korab,male,451816876,TadeuszKorab@wp.pl
844,Mateusz,Ozga,male,794209680,OzgaMateusz@onet.pl
845,Maria,Szczurek,female,508086169,MariaSzczurek@gmail.com
846,Miłosz,Trałka,male,514077132,MiloszTralka@o2.pl
847,Aleksander,Choroszewski,male,727269358,Aleksander.Cho@interia.pl
848,Jakub,Wojdyła,male,604227088,Jakub.Wojdyla@gmail.com
849,Nikola,Kloskowska,female,738720437,Kloskowska.Nikola@gmail.com
850,Leo,Rumiński,male,574794426,LeoRuminski@wp.pl
851,Rozalia,Wollny,female,608040053,Wollny.Rozalia@wp.pl
852,Eryk,Rutkowski,male,691921106,Rutkowski.Eryk@gmail.com
853,Julian,Wróbel,male,792282840,Julian.Wro@gmail.com
854,Nikola,Banach,female,532508803,Nikola7002@gmail.com
855,Filip,Dzioba,male,511974094,DziobaFilip@interia.pl
856,Mikołaj,Duwer,male,577559991,Mikolaj.Duwer@o2.pl
857,Bartosz,Mikołajek,male,502692538,Mikolajek.Bart@o2.pl
858,Natan,Dziewic,male,664672297,Dziewic.Natan@wp.pl
859,Barbara,Obracaj,female,736667753,Barbara.Obr@gmail.com
860,Natalia,Przybysz,female,694457448,PrzybyszNatalia@gmail.com
861,Aleksander,Maziarz,male,533105190,AleksanderMaziarz@o2.pl
862,Mikołaj,Dziedzic,male,691330770,Mikolaj.Dziedzic@o2.pl
863,Filip,Goljanek,male,666922574,Filip9802@gmail.com
864,Filip,Wiśniowski,male,696310144,Wisniowski.Fi@gmail.com
865,Liwia,Borówka,female,723538677,Liwia.Boro@wp.pl
866,Stanisław,Habiera,male,794184433,StanislawHabiera@wp.pl
867,Leon,Hirszfeld,male,515482407,Hirszfeld.Le@onet.pl
868,Klara,Surgut,female,734939033,Klara.Surgut@gmail.com
869,Maja,Karcz,female,454006516,Karcz3483@gmail.com
870,Leon,Stanisz,male,537969400,Stanisz.Leon@onet.pl
871,Stanisław,Karasiewicz,male,537119776,Stanislaw2239@wp.pl
872,Zofia,Czarnolewska,female,513353983,Zofia7978@gmail.com
873,Miłosz,Duś,male,696420772,Milosz439@wp.pl
874,Kornelia,Węgrzyk,female,573168072,Wegrzyk.Kornelia@wp.pl
875,Wojciech,Świderski,male,665349723,Wojciech.Swiderski@o2.pl
876,Diana,Bilińska,female,884280369,Bilinska.Diana@onet.pl
877,Emilia,Pasek,female,506363439,Pasek.Emilia@gmail.com
878,Milan,Szczepański,male,796969670,MilanSzczepanski@onet.pl
879,Nikol,Hołyńska,female,697935513,Nikol2257@gmail.com
880,Michalina,Skłodowska,female,692853207,SklodowskaMichalina@onet.pl
881,Maksymilian,Dudek,male,885325653,MaksymilianDudek@gmail.com
882,Nataniel,Waręda,male,501455325,WaredaNataniel@o2.pl
883,Leo,Buniowski,male,533065081,Buniowski.Leo@gmail.com
884,Antoni,Jurkowski,male,722709208,Antoni.Jurkowski@gmail.com
885,Antoni,Wierzba,male,502436165,Antoni.Wierzba@wp.pl
886,Oliwia,Zasadni,female,574873879,OliwiaZasadni@onet.pl
887,Laura,Osowska,female,504823120,Laura.Osowska@wp.pl
888,Weronika,Lewandowska,female,788261250,Weronika.Lewandowska@gmail.com
889,Stanisław,Jóźwiak,male,456474274,JozwiakStanislaw@onet.pl
890,Nadia,Szozda,female,507963442,Nadia3659@o2.pl
891,Adam,Malesza,male,602762235,MaleszaAdam@gmail.com
892,Pola,Nowaczyk,female,795918947,Nowaczyk.Pola@gmail.com
893,Aleksandra,Jujka,female,723280201,Aleksandra.Jujka@gmail.com
894,Michał,Leśniak,male,797313705,Michal.Lesn@gmail.com
895,Ignacy,Kogut,male,784867059,KogutIgnacy@o2.pl
896,Klara,Posch,female,726777234,KlaraPosch@interia.pl
897,Tadeusz,Lubacz,male,798750966,Lubacz.Tadeusz@onet.pl
898,Anastazja,Zięba,female,723420316,ZiebaAnastazja@o2.pl
899,Adrianna,Skrzypczak,female,518144876,Adrianna6724@onet.pl
900,Laura,Jabłońska,female,515321985,Jablonska.Laur@gmail.com
901,Ada,Płoskonka,female,605329040,Ada.Ploskonka@gmail.com
902,Julia,Najda,female,732782932,Julia4971@interia.pl
903,Barbara,Nagorna,female,537619680,NagornaBarbara@interia.pl
904,Aleksander,Szewczyk,male,452050316,Szewczyk.Al@o2.pl
905,Marcelina,Byckiewicz,female,453002323,Marcelina.Byck@o2.pl
906,Laura,Malasińska,female,518878593,Malasinska.Laur@interia.pl
907,Jan,Czesny,male,695549455,Czesny.Jan@interia.pl
908,Nikodem,Brodaczewski,male,577249741,Nikodem.Brodaczewski@gmail.com
909,Agata,Pawlik,female,533732669,Agata.Pawlik@gmail.com
910,Zuzanna,Respondek,female,735944543,Respondek.Zu@gmail.com
911,Maria,Kuroń,female,603941078,Maria.Kuron@gmail.com
912,Zuzanna,Słoka,female,721805851,Zuzanna.Slok@onet.pl
913,Jan,Grzesiak,male,456011537,Jan.Grz@interia.pl
914,Aleksander,Skrzetuski,male,457797973,SkrzetuskiAleksander@gmail.com
915,Hanna,Wodecka,female,798278221,Wodecka230@onet.pl
916,Pola,Kuźniar,female,458845340,Kuzniar8213@o2.pl
917,Marek,Dvoretskyi,male,662667013,Marek.Dvoretskyi@interia.pl
918,Marcelina,Kempa,female,736599477,Marcelina1757@wp.pl
919,Gabriela,Krysiak,female,536149111,Gabriela.Krys@o2.pl
920,Lilianna,Pustuła,female,458487593,Lilianna4655@gmail.com
921,Blanka,Haraburda,female,457568986,Haraburda.Blanka@wp.pl
922,Nikola,Jędraszyk,female,788182196,Jedraszyk3127@wp.pl
923,Franciszek,Dźwigaj,male,456777669,Franciszek7029@onet.pl
924,Teodora,Tolak,female,697944947,Teodora.Tolak@wp.pl
925,Julia,Mańkiewicz,female,694043379,Mankiewicz6393@gmail.com
926,Ksawery,Kaszubowski,male,698839812,Kaszubowski9896@gmail.com
927,Helena,Rozmus,female,511239085,Rozmus5339@wp.pl
928,Henryk,Przybyszewski,male,885527631,PrzybyszewskiHenryk@onet.pl
929,Klaudia,Kopeć,female,511008778,KlaudiaKopec@wp.pl
930,Szymon,Różaniecki,male,458699747,Szymon.Rozaniecki@gmail.com
931,Lena,Reczek,female,577830231,Lena.Rec@onet.pl
932,Liwia,Matysiak,female,783281500,Liwia7921@gmail.com
933,Małgorzata,Guzek,female,786596244,Guzek6064@interia.pl
934,Stefan,Nowak,male,795982195,Nowak8689@o2.pl
935,Zuzanna,Kuczera,female,512156723,Kuczera.Zuzanna@gmail.com
936,Blanka,Pisarska,female,508899457,BlankaPisarska@interia.pl
937,Amelia,Pasieczyńska,female,575850058,AmeliaPasieczynska@gmail.com
938,Dawid,Radzki,male,735294868,Radzki.Dawid@interia.pl
939,Gabriel,Zdarta,male,608765994,GabrielZdarta@onet.pl
940,Emilia,Zakowicz,female,721134899,Zakowicz5203@gmail.com
941,Sandra,Wójcicka,female,792099107,Sandra.Wojcicka@wp.pl
942,Żaneta,Strzyżewska,female,691313145,Zaneta.Strz@wp.pl
943,Marcelina,Zamerska,female,606823399,Marcelina6901@wp.pl
944,Gabriela,Ornat,female,501395306,Ornat.Gabriela@o2.pl
945,Maja,Krawicka,female,695679069,Maja.Kra@wp.pl
946,Kira,Kerger,female,531904547,Kerger.Kira@wp.pl
947,Hanna,Pilarska,female,668610654,Pilarska.Hanna@onet.pl
948,Ameliia,Koncewicz,female,574955911,Koncewicz.Ameliia@wp.pl
949,Jagna,Kowalczyk,female,574903475,KowalczykJagna@interia.pl
950,Nikola,Gudaszewska,female,794414798,Nikola5675@gmail.com
951,Franciszek,Kacprowicz,male,787527767,FranciszekKacprowicz@o2.pl
952,Adam,Banaś,male,783763686,Banas.Adam@onet.pl
953,Aleksander,Czarnikowski,male,458946151,Czarnikowski.Aleksander@gmail.co
954,Michalina,Groń,female,696131486,Gron5203@gmail.com
955,Oliwier,Banaś,male,535890947,Banas.Oliwier@interia.pl
956,Marcelina,Chylińska,female,606946149,MarcelinaChylinska@gmail.com
957,Lucjan,Szumowski,male,786046246,Lucjan.Szumowski@gmail.com
958,Leon,Mazur,male,455090323,Leon.Maz@wp.pl
959,Oliwia,Ryba,female,573575336,Ryba3775@interia.pl
960,Kajetan,Mnich,male,788535156,Kajetan1699@o2.pl
961,Kaja,Bazylewicz,female,536873838,Kaja5369@o2.pl
962,Maria,Pławecka,female,511398637,Maria3307@wp.pl
963,Wiktoria,Czachor,female,577955994,CzachorWiktoria@o2.pl
964,Hanna,Mojsak,female,504737795,HannaMojsak@gmail.com
965,Maja,Iglik,female,576309725,Maja.Iglik@gmail.com
966,Gaja,Kowalska,female,698243567,Kowalska.Gaja@gmail.com
967,Teodor,Piotrowski,male,734109496,Teodor.Piotrowski@interia.pl
968,Antoni,Nawrocki,male,502616150,Nawrocki.Antoni@gmail.com
969,Tymoteusz,Zborowski,male,796314278,TymoteuszZborowski@gmail.com
970,Michalina,Gała,female,885843677,GalaMichalina@wp.pl
971,Maria,Korzonek,female,888622155,Maria.Korz@gmail.com
972,Zuzanna,Butler,female,885669960,Butler.Zuzanna@onet.pl
973,Konstancja,Soczewica,female,728003329,Konstancja.Soc@o2.pl
974,Wiktor,Wdowik,male,455743299,Wiktor.Wdow@gmail.com
975,Nicola,Wąsik,female,511201071,Nicola8902@gmail.com
976,Tadeusz,Kufel,male,735773221,Kufel.Tadeusz@wp.pl
977,Kornel,Deptuła,male,603356861,Kornel.Dept@interia.pl
978,Zofia,Aleksandrzak,female,692785765,Aleksandrzak.Zofia@wp.pl
979,Nikodem,Jankowski,male,697076523,Nikodem.Jankowski@gmail.com
980,Remigiusz,Roszkowski,male,735791510,Roszkowski1432@gmail.com
981,Oskar,Gaweł,male,734753360,Oskar3106@onet.pl
982,Wiktor,Bajcer,male,693685524,Wiktor.Bajcer@interia.pl
983,Aleksander,Kubiak,male,738571102,Aleksander2059@gmail.com
984,Jakub,Duży,male,517417249,Duzy.Ja@wp.pl
985,Aleksander,Chabros,male,788969339,Chabros.Aleksander@interia.pl
986,Ignacy,Ulański,male,798243291,Ulanski6742@onet.pl
987,Pola,Stopa,female,886299912,Stopa.Pola@gmail.com
988,Maksymilian,Jaszczuk,male,733276110,JaszczukMaksymilian@o2.pl
989,Antoni,Bednarczyk,male,506884787,Antoni4727@wp.pl
990,Mia,Jelska,female,517147637,Mia.Jels@onet.pl
991,Oliwier,Nowak,male,698650067,Oliwier.Nowa@onet.pl
992,Natan,Wróbel,male,888456871,WrobelNatan@o2.pl
993,Mikołaj,Janiec,male,572075796,Janiec.Mi@wp.pl
994,Laura,Stankiewicz,female,515286075,Laura.Stankiewicz@wp.pl
995,Maksymilian,Sadowski,male,511929279,Maksymilian3848@gmail.com
996,Polina,Stępień,female,882537170,Polina.Stepien@gmail.com
997,Katia,Wilczopolska,female,696654377,Wilczopolska.Katia@o2.pl
998,Hanna,Duczyńska,female,664045923,DuczynskaHanna@onet.pl
999,Józef,Pawluk,male,788085739,Pawluk.Jozef@gmail.com
1000,Iga,Stoch,female,605544423,Stoch.Iga@wp.pl
1001,Michalina,Tylutka,female,451554967,Michalina.Tylutka@gmail.com
1002,Tymon,Kita,male,507783926,Tymon353@gmail.com
1003,Kajetan,Prusinowski,male,534731685,KajetanPrusinowski@onet.pl
1004,Marcel,Michalczyk,male,668841710,Michalczyk4440@gmail.com
1005,Oliwier,Golacik,male,501097889,Golacik9036@gmail.com
1006,Maria,Kowal,female,664914823,Maria7001@wp.pl
1007,Nikodem,Manilo,male,458806497,Manilo7682@wp.pl
1008,Liudmyla,Dobrowolska,female,517175591,Dobrowolska.Liudmyla@gmail.com
1009,Kacper,Ornowski,male,508255672,Kacper2933@wp.pl
1010,Pola,Wachowska,female,784736379,Pola.Wach@onet.pl
1011,Apolonia,Kiljańczyk,female,451064962,Apolonia.Kilj@gmail.com
1012,Aleksander,Woroncow,male,667714069,Aleksander.Woroncow@wp.pl
1013,Emilia,Andrzejewska,female,602422187,Emilia.Andrzejewska@onet.pl
1014,Edward,Grządziel,male,508437494,Edward.Grzadziel@gmail.com
1015,Oliwier,Yildiz,male,514374628,Yildiz.Ol@interia.pl
1016,Jan,Dziweńka,male,501801402,Jan4368@gmail.com
1017,Fabian,Kupisiński,male,457559610,Fabian4087@wp.pl
1018,Kaja,Jędrzejek,female,534119542,Jedrzejek.Kaja@gmail.com
1019,Stanisław,Góralewicz,male,732364895,GoralewiczStanislaw@wp.pl
1020,Natan,Kośmider,male,456929576,NatanKosmider@o2.pl
1021,Julian,Kruszka,male,796873261,JulianKruszka@gmail.com
1022,Naomi,Lasota,female,793472977,Naomi6849@gmail.com
1023,Zuzanna,Wręczycka,female,534745311,Wreczycka.Zuzanna@gmail.com
1024,Ksawery,Skubisz,male,513325001,Ksawery9123@gmail.com
1025,Wiktoria,Pajestka,female,456679263,Pajestka1088@onet.pl
1026,Witold,Stec,male,735703450,Stec2899@gmail.com
1027,Antoni,Bolanowski,male,881987681,Bolanowski5320@onet.pl
1028,Weronika,Kurek,female,453879614,WeronikaKurek@wp.pl
1029,Filip,Kita,male,794275671,Filip4917@interia.pl
1030,Mieszko,Mroziński,male,537522205,Mrozinski.Mie@wp.pl
1031,Matylda,Szybalska,female,881198464,Szybalska745@gmail.com
1032,Natalia,Radkiewicz,female,607944919,NataliaRadkiewicz@wp.pl
1033,Franciszek,Dzięcioł,male,606697193,FranciszekDzieciol@onet.pl
1034,Anna,Klimczak,female,784410152,KlimczakAnna@onet.pl
1035,Martyna,Bryła,female,797100169,Bryla4944@wp.pl
1036,Sara,Skępska,female,886573657,Sara.Skepska@o2.pl
1037,Beniamin,Babik,male,506481354,Babik.Beni@onet.pl
1038,Liliana,Żarska,female,884987312,ZarskaLiliana@onet.pl
1039,Emilia,Kurpyta,female,665575579,Emilia.Kurp@o2.pl
1040,Ada,Sokołowska,female,797076965,Sokolowska4673@gmail.com
1041,Kostiantyn,Thiem,male,514915315,Thiem.Kostiantyn@interia.pl
1042,Alisa,Król,female,727803113,Alisa.Kro@o2.pl
1043,Piotr,Giedrojć,male,693787466,Piotr.Giedrojc@gmail.com
1044,Franciszek,Bularz,male,532301463,Bularz.Fra@interia.pl
1045,Franciszek,Polańczyk,male,606906559,FranciszekPolanczyk@o2.pl
1046,Nikodem,Zajączkowski,male,694629361,Nikodem6792@wp.pl
1047,Franciszek,Derwisiński,male,787410758,Derwisinski.Franciszek@gmail.com
1048,Igor,Psujek,male,797826260,IgorPsujek@o2.pl
1049,Wiktor,Nycz,male,667204197,Wiktor.Nycz@wp.pl
1050,Aleksandra,Chudy,female,697155960,AleksandraChudy@onet.pl
1051,Nina,Kłosińska,female,786956778,Nina.Klosinska@gmail.com
1052,Karolina,Radawiec,female,458004895,KarolinaRadawiec@o2.pl
1053,Julia,Szybińska,female,508897982,Szybinska.Julia@onet.pl
1054,Małgorzata,Wiszyńska,female,455757776,WiszynskaMalgorzata@gmail.com
1055,Antoni,Moheit vel makowski,male,693539407,Moheit vel makowski.Antoni@wp.pl
1056,Kajetan,Kwietniewski,male,787633939,Kwietniewski.Ka@onet.pl
1057,Anna,Rosiak,female,601676207,Rosiak.Anna@gmail.com
1058,Nikola,Gradek,female,534914083,GradekNikola@onet.pl
1059,Tymoteusz,Palczewski,male,692817329,Palczewski.Tym@gmail.com
1060,Zuzanna,Foltyńska,female,886809004,Zuzanna5181@gmail.com
1061,Wojciech,Cizio,male,605584759,WojciechCizio@gmail.com
1062,Jan,Skibiński,male,693461831,SkibinskiJan@gmail.com
1063,Laura,Salamon,female,796151971,Salamon.La@gmail.com
1064,Ignacy,Zając,male,692794446,Zajac4615@onet.pl
1065,Maja,Rudzka,female,882119432,RudzkaMaja@o2.pl
1066,Maja,Knochowska,female,732388638,Knochowska1279@gmail.com
1067,Jan,Kubasik,male,693327689,Kubasik.Ja@gmail.com
1068,Nikodem,Magierowski,male,604402989,Magierowski.Ni@gmail.com
1069,Oskar,Góralczyk,male,791023697,Oskar.Gor@onet.pl
1070,Oliwia,Dąbrowska,female,886619422,Dabrowska3966@gmail.com
1071,Emilia,Borowska,female,885264497,Borowska.Emilia@wp.pl
1072,Dagmara,Wysocka,female,794565954,DagmaraWysocka@gmail.com
1073,Nikodem,Oruba,male,503793450,Nikodem.Oruba@gmail.com
1074,Nela,Stempniewicz,female,537264764,Nela3525@gmail.com
1075,Klaudia,Wawrzyniak,female,695959385,WawrzyniakKlaudia@wp.pl
1076,Arina,Drożdż,female,668546156,Arina.Drozdz@interia.pl
1077,Gabriella,Grzybowska,female,668581166,GrzybowskaGabriella@gmail.com
1078,Leon,Janiak,male,726342385,Leon.Jan@gmail.com
1079,Antoni,Kukułka,male,661741212,Kukulka1712@onet.pl
1080,Milan,Stencel,male,531482794,Stencel.Milan@o2.pl
1081,Zuzanna,Szymańska,female,795843273,Szymanska.Zuza@wp.pl
1082,Antoni,Glanas,male,782814394,Glanas.Ant@gmail.com
1083,Nikodem,Grądziel,male,605631243,GradzielNikodem@interia.pl
1084,Jakub,Niedźwiedzki,male,697972757,Niedzwiedzki.Ja@gmail.com
1085,Jan,Deszczka,male,727608777,Jan.Deszczka@gmail.com
1086,Tadeusz,Kozieł,male,518578665,Koziel.Tadeusz@onet.pl
1087,Sara,Kapustka,female,693873740,SaraKapustka@gmail.com
1088,Nela,Michalska,female,883048476,Nela.Mich@gmail.com
1089,Oliwier,Bajorek,male,458392500,Bajorek.Oliwier@onet.pl
1090,Ignacy,Rybak,male,788727297,Rybak7049@gmail.com
1091,Malwina,Cisek,female,784605041,Malwina4749@gmail.com
1092,Stanisław,Kowalczyk,male,571605035,Stanislaw1316@wp.pl
1093,Tadeusz,Pietrzak,male,505786158,Tadeusz8137@o2.pl
1094,Anastazja,Radowska,female,693930145,Radowska.Anastazja@wp.pl
1095,Faustyna,Wirkus,female,732369800,Faustyna.Wirkus@gmail.com
1096,Tymoteusz,Szylbert,male,507879369,Tymoteusz316@gmail.com
1097,Jakub,Kołodziejczyk,male,504962478,Jakub.Kolo@onet.pl
1098,Olga,Kaczkiełło,female,887786854,Kaczkiello9109@gmail.com
1099,Aurelia,Woś,female,694349373,WosAurelia@onet.pl
1100,Patryk,Kulas,male,888133481,KulasPatryk@gmail.com
1101,Laura,Olszewska,female,664159180,Olszewska1589@o2.pl
1102,Hugo,Wolny,male,662596124,HugoWolny@gmail.com
1103,Oliwia,Drzymała,female,518061479,Drzymala1262@gmail.com
1104,Dominik,Żak,male,514118478,Zak.Dom@onet.pl
1105,Stefan,Pawlak,male,516352928,StefanPawlak@onet.pl
1106,Miłosz,Cholewa,male,735173549,Cholewa8695@gmail.com
1107,Mikołaj,Pułtorak,male,793369531,Mikolaj914@interia.pl
1108,Martyna,Jurzak,female,884006627,Jurzak7620@onet.pl
1109,Maria,Rudnicka,female,735938439,Maria923@gmail.com
1110,Piotr,Kapusta,male,515002399,Piotr7124@onet.pl
1111,Florian,Koch,male,577888642,FlorianKoch@gmail.com
1112,Gabriel,Owczarzak,male,696440038,Gabriel.Owc@interia.pl
1113,Gabriela,Lubańska,female,457925629,Gabriela705@gmail.com
1114,Franciszek,Sprownik,male,538039190,Franciszek.Sprownik@o2.pl
1115,Antoni,Bondarenko,male,722180308,Antoni.Bon@interia.pl
1116,Michał,Kupka,male,502037728,Michal9378@gmail.com
1117,Jan,Stadlewski,male,888238802,StadlewskiJan@o2.pl
1118,Zuzanna,Zamczała,female,607802491,Zamczala8778@onet.pl
1119,Adam,Gotlib,male,722290328,Gotlib.Adam@wp.pl
1120,Witold,Wiśnik,male,531768242,Witold.Wis@onet.pl
1121,Nela,Szysiak,female,888734035,NelaSzysiak@gmail.com
1122,Maja,Gierach,female,601815892,GierachMaja@gmail.com
1123,Daniel,Fröhlich,male,798880836,DanielFrohlich@o2.pl
1124,Amelia,Chachaj,female,606846352,Amelia.Cha@wp.pl
1125,Wojciech,Klikowski,male,782089120,KlikowskiWojciech@gmail.com
1126,Julian,Zielonka,male,882977023,JulianZielonka@wp.pl
1127,Kacper,Raich,male,781197475,Raich.Kacper@wp.pl
1128,Blanka,Slobodianiuk,female,698286109,Slobodianiuk.Bl@onet.pl
1129,Iga,Wyroślak,female,536105080,Iga.Wyroslak@wp.pl
1130,Natan,Majos,male,504172082,Majos.Nata@o2.pl
1131,Maria,Barczyńska,female,501282511,Maria.Barczynska@gmail.com
1132,Kalina,Belowska,female,503503481,Belowska.Kalina@onet.pl
1133,Ignacy,Śliwiński,male,722949224,Sliwinski.Igna@gmail.com
1134,Antoni,Tamioła,male,796606888,Antoni.Tamiola@gmail.com
1135,Tymon,Suleymanov,male,727597562,Tymon.Suleymanov@gmail.com
1136,Zofia,Piotrowska,female,532047956,Piotrowska.Zofi@onet.pl
1137,Bartosz,Juskowiak,male,735393602,BartoszJuskowiak@onet.pl
1138,Ignacy,Lipiński,male,538833660,IgnacyLipinski@interia.pl
1139,Stefania,Siedlecka,female,881905468,Siedlecka.Stefania@o2.pl
1140,Wanda,Kapustka,female,732357444,WandaKapustka@onet.pl
1141,Konrad,Rachel,male,451597571,Konrad7188@onet.pl
1142,Olaf,Cepielik,male,537371418,Olaf.Cepielik@gmail.com
1143,Natan,Dolny,male,451592131,Natan.Dolny@o2.pl
1144,Helena,Kotyk,female,724122744,Helena8778@wp.pl
1145,Gustaw,Kovbasiuk,male,535287469,Gustaw4029@gmail.com
1146,Antonina,Jaworek,female,784608944,Jaworek.Antonina@wp.pl
1147,Aurelia,Konwerska,female,513142757,Aurelia7295@o2.pl
1148,Maria,Chorąży,female,723342853,MariaChorazy@wp.pl
1149,Łucja,Bąkowska,female,782105558,Bakowska.Luc@interia.pl
1150,Łucja,Trębusiewicz,female,506396699,Lucja.Treb@gmail.com
1151,Sofia,Walisiewicz,female,883664588,Walisiewicz.Sofia@wp.pl
1152,Nikodem,Surman,male,516692056,Nikodem8212@onet.pl
1153,Iga,Grzankowska,female,783680471,Iga9117@gmail.com
1154,Michalina,Jucha,female,888072675,Michalina.Jucha@onet.pl
1155,Agata,Gosztyła,female,605997237,Gosztyla.Aga@wp.pl
1156,Mikołaj,Kamiennik,male,791951989,Kamiennik8241@gmail.com
1157,Sebastian,Kretkiewicz,male,516941389,SebastianKretkiewicz@gmail.com
1158,Filip,Tarka,male,883703540,TarkaFilip@wp.pl
1159,Anastazja,Rojek,female,791089067,Rojek.Anastazja@onet.pl
1160,Antoni,Kapera,male,663582849,Antoni.Kap@onet.pl
1161,Alicja,Szajny,female,797325124,AlicjaSzajny@wp.pl
1162,Alan,Gmyr,male,574097630,GmyrAlan@onet.pl
1163,Oliwier,Pabian,male,788282243,Pabian.Ol@onet.pl
1164,Alicja,Wyrębska,female,785631175,WyrebskaAlicja@onet.pl
1165,Antoni,Oźlański,male,517759445,Ozlanski.Ant@o2.pl
1166,Krzysztof,Ratkowski,male,507438616,Krzysztof.Ratkowski@onet.pl
1167,Kaja,Sojczyńska,female,571959729,SojczynskaKaja@gmail.com
1168,Julian,Jankowski,male,452459871,Jankowski.Jul@wp.pl
1169,Liliana,Piasecka,female,602639810,PiaseckaLiliana@interia.pl
1170,Maksymilian,Kułak,male,736441770,Maksymilian7068@wp.pl
1171,Urszula,Kolodii,female,698918521,Urszula.Kolo@wp.pl
1172,Aleksander,O'neill,male,694944680,Aleksander8145@wp.pl
1173,Antoni,Stefański,male,578342689,Antoni.Ste@wp.pl
1174,Michalina,Słabicka,female,695913173,SlabickaMichalina@interia.pl
1175,Miłosz,Czechowski,male,517635708,CzechowskiMilosz@gmail.com
1176,Paweł,Tytuła,male,888833894,PawelTytula@wp.pl
1177,Miłosz,Kłosiński,male,888327002,Klosinski.Milosz@wp.pl
1178,Natan,Kęska,male,738755734,Natan.Kes@wp.pl
1179,Kaja,Szarek,female,787556212,SzarekKaja@gmail.com
1180,Hanna,Jarecka,female,455103603,Hanna.Jare@onet.pl
1181,Leon,Kunert,male,664539609,Kunert.Le@gmail.com
1182,Antonina,Ryszczuk,female,606814577,Antonina.Ryszczuk@wp.pl
1183,Nikodem,Kwiatkowski,male,881940195,KwiatkowskiNikodem@wp.pl
1184,Nikola,Korczak,female,607780266,Korczak7616@gmail.com
1185,Mia,Borycka,female,456209673,Mia.Borycka@gmail.com
1186,Klaudia,Brzuszkiewicz,female,882211706,BrzuszkiewiczKlaudia@interia.pl
1187,Zofia,Jurczak,female,532508470,Jurczak.Zof@onet.pl
1188,Adam,Kossak,male,797300343,Adam8161@gmail.com
1189,Aleksander,Ilchenko,male,501107725,Ilchenko.Alek@wp.pl
1190,Adrianna,Jutrowska,female,784006730,Jutrowska1148@interia.pl
1191,Emilia,Karcz,female,797885899,Karcz.Emil@onet.pl
1192,Tymon,Nojszewski,male,887421940,NojszewskiTymon@gmail.com
1193,Tymon,Bielasty,male,515210328,Tymon.Bielasty@gmail.com
1194,Kacper,Spruch,male,607530253,Spruch.Kac@onet.pl
1195,Stanisław,Rydziński,male,665751975,Rydzinski1358@wp.pl
1196,Zayn,Szulc,male,457014721,Szulc.Za@gmail.com
1197,Emilia,Janeczko,female,728704227,JaneczkoEmilia@wp.pl
1198,Paulina,Jakubiak,female,697666747,Jakubiak6484@gmail.com
1199,Zuzanna,Wasilewska,female,887871669,Zuzanna1253@gmail.com
1200,Klara,Dąbrowska,female,572167002,Dabrowska.Klara@gmail.com
1201,Nikodem,Oberemok,male,781865353,Nikodem6666@gmail.com
1202,Antoni,Hul,male,505350982,Hul505@o2.pl
1203,Michalina,Stolarczyk,female,511487003,Michalina.Stolarczyk@interia.pl
1204,Nela,Skitek,female,722294462,NelaSkitek@gmail.com
1205,Nikodem,Haczyk,male,532647155,Haczyk7916@wp.pl
1206,Filip,Grabowski,male,533343205,Grabowski6780@gmail.com
1207,Zuzanna,Robak,female,791692836,Robak.Zuzanna@interia.pl
1208,Zuzanna,Kurnikowska,female,515029505,Zuzanna.Kur@gmail.com
1209,Klara,Kamińska,female,572859828,KlaraKaminska@wp.pl
1210,Julian,Zarzycki,male,515177487,Zarzycki6384@gmail.com
1211,Ada,Borzucka,female,576041617,Borzucka.Ada@gmail.com
1212,Antonina,Staniszewska,female,536393420,Staniszewska.Antonina@gmail.com
1213,Wiktoria,Kubrak,female,451151325,Kubrak1465@gmail.com
1214,Kuzey,Kostrzewa,male,577534475,Kuzey.Kost@wp.pl
1215,Lena,Skotnicka,female,696760167,Skotnicka867@gmail.com
1216,Malwina,Dubert,female,785453818,Malwina.Dub@interia.pl
1217,Zuzanna,Wałęga,female,736006823,Walega.Zuza@gmail.com
1218,Laura,Półbrat,female,728901150,Polbrat.La@interia.pl
1219,Mikołaj,Kądzioła,male,693114091,KadziolaMikolaj@gmail.com
1220,Laura,Zielonka,female,501053721,Laura.Zielonka@wp.pl
1221,Róża,Pawliczek,female,693503698,Roza.Paw@gmail.com
1222,Nadia,Mikołajczyk,female,734862368,NadiaMikolajczyk@o2.pl
1223,Anna,Babińska,female,784207217,Anna4593@wp.pl
1224,Helena,Morelewska,female,601857897,Helena.Mor@gmail.com
1225,Nicola,Batosz,female,532488616,NicolaBatosz@interia.pl
1226,Andrea,Tomczyk,female,578028017,Tomczyk4153@wp.pl
1227,Iga,Ceier,female,504000473,IgaCeier@o2.pl
1228,Marek,Świtaj,male,695667356,Switaj.Mare@onet.pl
1229,Wiktoria,Swoboda,female,695011857,Wiktoria.Swoboda@gmail.com
1230,Amelia,Kucińska,female,511102494,Kucinska.Ame@onet.pl
1231,Hanna,Kalinowska,female,727580575,Hanna.Kalinowska@onet.pl
1232,Olivia,Proć,female,731478301,Olivia.Proc@wp.pl
1233,Bruno,Demidowicz,male,722696139,BrunoDemidowicz@wp.pl
1234,Marcel,Andrzejak,male,667323959,Andrzejak.Marc@gmail.com
1235,Aleksander,Strugacz,male,732888116,AleksanderStrugacz@wp.pl
1236,Tymon,Wujke,male,664541775,Wujke.Tymon@wp.pl
1237,Franciszek,Kopczyk,male,512362520,FranciszekKopczyk@gmail.com
1238,Iga,Wójcik,female,888276250,IgaWojcik@gmail.com
1239,Elena,Kremblewska,female,602375300,Kremblewska.Elena@wp.pl
1240,Hanna,Wągrodna,female,796101655,Hanna.Wagrodna@interia.pl
1241,Janina,Mistarz,female,534168434,Janina.Mis@gmail.com
1242,Anna,Michaluk,female,697472089,Anna.Mic@interia.pl
1243,Amelia,Topolska,female,661436621,Topolska.Amel@onet.pl
1244,Aleksander,Książyk,male,453584152,KsiazykAleksander@gmail.com
1245,Faustyna,Rewers,female,515098568,Faustyna.Rewers@o2.pl
1246,Laura,Brózdowska,female,735873277,Laura2452@wp.pl
1247,Agata,Pawłowicz,female,782052159,Pawlowicz.Agat@interia.pl
1248,Jan,Haładyn,male,787826677,Jan7749@onet.pl
1249,Maria,Sierpińska,female,881256152,MariaSierpinska@gmail.com
1250,Emilia,Wiśniewska,female,731465323,EmiliaWisniewska@wp.pl
1251,Marcelina,Korzyniewska,female,513297332,Marcelina9221@o2.pl
1252,Zofia,Ligocka,female,737195770,LigockaZofia@onet.pl
1253,Bohdana,Pyrak,female,696010154,Pyrak4086@wp.pl
1254,Jan,Segin,male,787457597,Segin6663@wp.pl
1255,Antonina,Cebulska,female,886759746,CebulskaAntonina@gmail.com
1256,Mariia,Maik,female,661269098,MariiaMaik@o2.pl
1257,Michał,Boczkowski,male,537606618,Michal.Boc@gmail.com
1258,Mikołaj,Kozak,male,885061065,Mikolaj.Koz@interia.pl
1259,Maja,Bilska,female,575503041,Maja6022@wp.pl
1260,Aleksander,Gałązka,male,698518810,AleksanderGalazka@wp.pl
1261,Maksymilian,Sterpejkowicz-wersocki,male,513483261,Sterpejkowicz-wersocki9249@wp.pl
1262,Alex,Zieliński,male,735016828,Alex.Zielinski@gmail.com
1263,Fryderyk,Kulesza,male,783851082,Kulesza4486@wp.pl
1264,Jan,Kołodziejski,male,733739865,Jan.Kolodziejski@wp.pl
1265,Olivier,Kuczma,male,791016294,Kuczma.Oliv@wp.pl
1266,Julia,Nieśpiał,female,607342619,NiespialJulia@interia.pl
1267,Ignacy,Bień,male,513834111,Ignacy.Bien@o2.pl
1268,Aleksander,Zamkowski,male,606654116,Zamkowski.Ale@wp.pl
1269,Blanka,Miązek,female,882349499,Blanka.Miazek@interia.pl
1270,Ignacy,Ksepka,male,516212000,Ignacy.Ksep@gmail.com
1271,Aleksander,Cembor,male,736177925,Cembor.Al@gmail.com
1272,Adam,Pelczarski,male,515992852,Pelczarski5648@wp.pl
1273,Blanka,Linka,female,722352306,BlankaLinka@gmail.com
1274,Nina,Miłosek,female,517179968,NinaMilosek@wp.pl
1275,Timur,Mnich,male,885510374,Timur.Mnich@o2.pl
1276,Sophia,Grygielska,female,696746034,Sophia.Grygielska@wp.pl
1277,Miłosz,Izydorek,male,693429557,Izydorek7099@onet.pl
1278,Jan,Balcerzak,male,518447362,Jan.Balc@wp.pl
1279,Zofia,Livitska,female,885994748,Livitska.Zofia@gmail.com
1280,Adam,Dobrowolski,male,798940185,Adam3390@gmail.com
1281,Pola,Badylak,female,502412040,Pola.Bady@gmail.com
1282,Albert,Świętochowski,male,724840925,Swietochowski8518@gmail.com
1283,Filip,Brzozowski,male,792309969,Brzozowski6507@interia.pl
1284,Oskar,Cesarz,male,533559847,Cesarz.Oska@gmail.com
1285,Rozalia,Jabłońska,female,728553447,Jablonska4898@gmail.com
1286,Rozalia,Astapczyk,female,733437896,Astapczyk.Roz@interia.pl
1287,Łucja,Cymerman,female,517286804,Lucja2208@onet.pl
1288,Wiktoria,Tomaszewska,female,698595090,WiktoriaTomaszewska@onet.pl
1289,Bartosz,Drozdowicz,male,781561543,Bartosz3868@wp.pl
1290,Krzysztof,Kozłowicz,male,882935308,Kozlowicz.Kr@onet.pl
1291,Hubert,Murawski,male,888017879,Murawski.Hubert@wp.pl
1292,Amelia,Piątek,female,883028523,Piatek.Amelia@onet.pl
1293,Maja,Baryła,female,574457595,Baryla.Maj@wp.pl
1294,Oliwia,Kopeć,female,518517872,Kopec683@interia.pl
1295,Oliver,Łuszcz,male,721297921,Luszcz3501@gmail.com
1296,Aurelia,Ptak,female,721574791,Aurelia.Pta@o2.pl
1297,Filip,Delewski,male,536182981,Delewski.Fil@onet.pl
1298,Jakub,Wasylów,male,784912332,Wasylow.Ja@gmail.com
1299,Kacper,Svarychevskyi,male,508175264,Kacper.Svarychevskyi@wp.pl
1300,Szymon,Jakubczak,male,723501143,Szymon.Jakubczak@interia.pl
1301,Sara,Frankowicz,female,505015043,SaraFrankowicz@gmail.com
1302,Natalia,Harasymiuk,female,532305266,Natalia.Harasymiuk@wp.pl
1303,Igor,Kołaszewski,male,502838029,Kolaszewski1083@wp.pl
1304,Lidia,Czapska,female,697479198,Lidia.Czapska@interia.pl
1305,Ignacy,Piotrowski,male,452745992,Ignacy.Pio@o2.pl
1306,Julia,Pielech,female,533728484,PielechJulia@interia.pl
1307,Wiktoria,Król,female,696604979,Krol.Wiktoria@gmail.com
1308,Laura,Środoń,female,785710161,Laura.Srodon@wp.pl
1309,Bartłomiej,Veremiienko,male,517056707,Bartlomiej5607@gmail.com
1310,Aleksander,Kryczka,male,537417776,Kryczka.Aleksander@gmail.com
1311,Gabriela,Zdebik,female,724814671,Zdebik.Gabr@interia.pl
1312,Milena,Adamska,female,885921705,Adamska.Mile@wp.pl
1313,Oliwia,Carlson,female,792052590,CarlsonOliwia@gmail.com
1314,Gabriel,Brzeziński,male,732656628,Brzezinski1582@wp.pl
1315,Iga,Piątek,female,726639666,Iga.Piat@onet.pl
1316,Natan,Marciniak,male,504976970,Marciniak.Natan@gmail.com
1317,Leon,Bagiński,male,572670271,Leon.Baginski@wp.pl
1318,Nikodem,Walkowiak,male,792775166,Walkowiak.Nikodem@gmail.com
1319,Franciszek,Kocik,male,794784134,Kocik.Franciszek@gmail.com
1320,Aleksandra,Padula,female,667412076,PadulaAleksandra@o2.pl
1321,Antonina,Łachajczyk,female,886452679,AntoninaLachajczyk@onet.pl
1322,Henryk,Osinski,male,884285152,Osinski1773@wp.pl
1323,Stanisław,Stenka,male,782879157,Stanislaw648@gmail.com
1324,Adam,Balcerzak,male,791680613,Balcerzak6254@onet.pl
1325,Nikola,Gołąbek,female,503904401,Golabek7432@wp.pl
1326,Hanna,Rosa,female,738455331,Hanna.Ros@o2.pl
1327,Daryna,Fejklowicz,female,531806955,Daryna.Fejklowicz@wp.pl
1328,Anastazja,Janikowska,female,885851916,Anastazja4145@o2.pl
1329,Maksymilian,Ratkiewicz,male,512315852,Ratkiewicz3891@onet.pl
