,customer_id,first_name,last_name,gender,phone,email
0,1,Ewa,Sapak,female,791491634,Ewa.Sap@gmail.com
1,2,Jakub,Szczepański,male,792370041,Szczepanski.Ja@gmail.com
2,3,Kateryna,Teliszewska,female,663017148,Kateryna8885@wp.pl
3,4,Nela,Dendys,female,734919744,Dendys.Ne@gmail.com
4,5,Maja,Zdanowska,female,577698695,MajaZdanowska@onet.pl
5,6,Sebastian,Wojnar,male,885957910,Wojnar.Seba@wp.pl
6,7,Franciszek,Polishchuk,male,693148965,FranciszekPolishchuk@gmail.com
7,8,Nikodem,Opyd,male,534331611,Nikodem1535@o2.pl
8,9,Hanna,Wiatrak,female,454921112,Wiatrak.Hanna@gmail.com
9,10,Jerzy,Morina,male,663357584,Jerzy.Mori@onet.pl
10,11,Zuzanna,Kikosicka,female,507618708,Zuzanna.Kikosicka@o2.pl
11,12,Krzysztof,Pazuła,male,604887304,KrzysztofPazula@onet.pl
12,13,Iga,Pałucka,female,884257230,Iga.Palucka@gmail.com
13,14,Maria,Guzy,female,791347365,Guzy9494@gmail.com
14,15,Ignacy,Góra,male,532778234,Gora.Ign@interia.pl
15,16,Teodor,Nahlik,male,885354444,Teodor.Nahl@gmail.com
16,17,Maciej,Kowolik,male,663917715,KowolikMaciej@onet.pl
17,18,Paweł,Szklarek,male,608112010,Szklarek.Pawel@gmail.com
18,19,Gabriela,Bąk,female,453239094,Bak8923@gmail.com
19,20,Marcelina,Zaks,female,577873476,Zaks6236@interia.pl
20,21,Izabela,Szczepańska,female,726343551,IzabelaSzczepanska@wp.pl
21,22,Maksymilian,Jarosiński,male,665791090,Maksymilian4390@wp.pl
22,23,Laura,Rosa,female,735862703,Laura.Rosa@gmail.com
23,24,Nikodem,Polak,male,796369092,Polak.Nikodem@gmail.com
24,25,Mia,Kwiatkowska,female,456192159,Kwiatkowska9490@onet.pl
25,26,Natan,Drewniak,male,518708348,Drewniak.Natan@interia.pl
26,27,Wiktor,Kwiatkowski,male,794391230,Wiktor.Kwiatkowski@interia.pl
27,28,Aleksander,Radlica,male,888271118,Radlica.Aleksander@onet.pl
28,29,Iga,Łysikowska,female,662490405,LysikowskaIga@gmail.com
29,30,Kaja,Donajkowska,female,662815513,Donajkowska.Kaja@gmail.com
30,31,Lidia,Szczerba,female,607026210,Szczerba3923@o2.pl
31,32,Anna,Górzyńska,female,733433552,GorzynskaAnna@wp.pl
32,33,Alicja,Cielebąk,female,692579658,Alicja6302@interia.pl
33,34,Mikołaj,Kopania,male,601581833,Kopania.Mikolaj@onet.pl
34,35,Laura,Dąbkowska,female,515502907,LauraDabkowska@gmail.com
35,36,Bartosz,Giża,male,456006497,GizaBartosz@wp.pl
36,37,Oliwia,Prejbisz,female,731195779,Oliwia.Prej@interia.pl
37,38,Gaja,Jastrzębska,female,574673623,Jastrzebska6987@gmail.com
38,39,Aleksandra,Biegańska,female,507389592,Aleksandra.Bieganska@gmail.com
39,40,Helena,Kwiatkowska,female,733752923,Helena.Kwi@onet.pl
40,41,Laura,Zachary,female,571463107,Laura240@wp.pl
41,42,Alicja,Głuch,female,512477905,Gluch.Alicja@interia.pl
42,43,Antoni,Wieczorek,male,608479152,Wieczorek.Antoni@gmail.com
43,44,Adrianna,Walis,female,728075835,Walis.Adr@interia.pl
44,45,Helena,Szostak,female,458044879,Helena.Szos@onet.pl
45,46,Nikodem,Durlik,male,508755041,Durlik.Nikodem@gmail.com
46,47,Borys,Brzykcy,male,508869747,Borys1152@wp.pl
47,48,Józef,Dzik,male,536052849,Jozef.Dzi@interia.pl
48,49,Liliana,Czup,female,508067126,Liliana.Czup@wp.pl
49,50,Witold,Lis,male,798937176,Lis.Wi@interia.pl
50,51,Igor,Nawacki,male,796652217,Nawacki6137@wp.pl
51,52,Lena,Markowicz,female,451428946,Lena.Mar@wp.pl
52,53,Franciszek,Staśkowiak,male,531108338,Franciszek7180@wp.pl
53,54,Zuzanna,Biełaniec,female,607259916,ZuzannaBielaniec@interia.pl
54,55,Stanisław,Czerwieniec,male,532048715,Czerwieniec.Stanislaw@interia.pl
55,56,Bruno,Niedźwiedź,male,607600080,Niedzwiedz7491@wp.pl
56,57,Kajetan,Małecki,male,783019428,Malecki562@interia.pl
57,58,Marcelina,Kasino,female,505459123,Marcelina.Kas@gmail.com
58,59,Laura,Maziara,female,604843134,Maziara.Laura@o2.pl
59,60,Inga,Wieczorek,female,723698616,WieczorekInga@wp.pl
60,61,Zuzanna,Stachoń,female,533268445,Stachon.Zuzanna@onet.pl
61,62,Zuzanna,Koczan,female,667698970,KoczanZuzanna@gmail.com
62,63,Marcel,Wawer,male,793236202,Marcel.Wawe@gmail.com
63,64,Franciszek,Bartkowiak,male,728676223,Bartkowiak.Franciszek@gmail.com
64,65,Michalina,Wagstyl,female,737880610,MichalinaWagstyl@wp.pl
65,66,Jakub,Żarski,male,698646487,Jakub.Zarski@gmail.com
66,67,Krystian,Szymański,male,504316569,Krystian.Szy@o2.pl
67,68,Oliwia,Białas,female,507018831,Oliwia.Bia@gmail.com
68,69,Andrzej,Przybyła,male,572484218,PrzybylaAndrzej@gmail.com
69,70,Helena,Belica,female,518907744,Helena8165@wp.pl
70,71,Iga,Kryczka,female,576941826,Kryczka.Iga@onet.pl
71,72,Maria,Jodkiewicz,female,793714931,Jodkiewicz5679@wp.pl
72,73,Gabriela,Sajdak,female,781423157,SajdakGabriela@gmail.com
73,74,Rozalia,Kozicka,female,508492690,Rozalia.Kozicka@wp.pl
74,75,Szymon,Włodarczyk,male,602454674,Wlodarczyk.Szym@gmail.com
75,76,Miłosz,Pruszyński,male,698213694,Milosz.Pruszynski@onet.pl
76,77,Zuzanna,Wawrzyn,female,791836931,Wawrzyn6028@interia.pl
77,78,Vincent,Górzyński,male,882306685,Gorzynski.Vin@wp.pl
78,79,Zofia,Białobłocka,female,514778558,Zofia5720@gmail.com
79,80,Anna,Król,female,602478629,AnnaKrol@wp.pl
80,81,Gabriel,Gawlak,male,665412691,Gawlak.Gabriel@gmail.com
81,82,Anna,Dziamska,female,601028390,Dziamska8299@gmail.com
82,83,Maja,Stec,female,784557945,StecMaja@interia.pl
83,84,Lena,Lesińska,female,794424493,Lesinska.Le@onet.pl
84,85,Maja,Pasierbiewicz,female,457442227,Pasierbiewicz.Maja@gmail.com
85,86,Maksymilian,Gracz,male,723849306,Gracz.Ma@gmail.com
86,87,Inga,Piastowska,female,697091732,Piastowska.Inga@interia.pl
87,88,Jan,Michalski,male,577852725,Michalski.Ja@gmail.com
88,89,Pola,Lisicka,female,883445062,Lisicka.Po@onet.pl
89,90,Maksymilian,Szkudelski,male,518127304,Szkudelski.Mak@gmail.com
90,91,Iga,Buchta,female,798999906,BuchtaIga@interia.pl
91,92,Miłosz,Gzyl,male,782221482,Gzyl.Mil@gmail.com
92,93,Hanna,Brzęcka,female,505635741,HannaBrzecka@gmail.com
93,94,Przemysław,Płachecki,male,721081353,Przemyslaw.Plachecki@wp.pl
94,95,Filip,Nowak,male,781083615,Nowak2260@wp.pl
95,96,Franciszek,Hlynskyi,male,661481766,Hlynskyi.Franciszek@gmail.com
96,97,Nadia,Oryszczak,female,794105077,OryszczakNadia@wp.pl
97,98,Julia,Kwaśnica,female,732510519,Kwasnica.Ju@wp.pl
98,99,Marcel,Waścinski,male,603785507,Marcel8359@gmail.com
99,100,Emilia,Gul,female,884513709,Gul.Emilia@wp.pl
100,101,Sara,Wnęk,female,572747826,Wnek3828@gmail.com
101,102,Mikołaj,Trzcianka,male,725246518,Mikolaj.Trzc@onet.pl
102,103,Pola,Polak,female,664847596,Pola5959@onet.pl
103,104,Zofia,Karaś,female,791654905,Karas.Zofia@onet.pl
104,105,Lena,Kowalczyk,female,534614104,Lena2799@wp.pl
105,106,Marcelina,Makówka,female,793612479,Marcelina.Makowka@onet.pl
106,107,Piotr,Trzeciak,male,531652568,TrzeciakPiotr@gmail.com
107,108,Idalia,Chludzińska,female,784604260,Idalia.Chlu@gmail.com
108,109,Krzysztof,Machałek,male,666847979,MachalekKrzysztof@onet.pl
109,110,Zuzanna,Majda,female,452360289,Majda.Zuzanna@gmail.com
110,111,Kajetan,Bronikowski,male,795390730,Kajetan9028@wp.pl
111,112,Aleksander,Wołczański,male,784024054,WolczanskiAleksander@gmail.com
112,113,Adrianna,Jeżowska,female,728231985,Adrianna6758@gmail.com
113,114,Aleksander,Weber,male,668270916,Weber.Aleksander@gmail.com
114,115,Kacper,Pradun,male,458230222,Kacper7243@gmail.com
115,116,Marcel,Szubel,male,697752862,SzubelMarcel@wp.pl
116,117,Leon,Zawacki,male,576762236,ZawackiLeon@gmail.com
117,118,Iwo,Cielniak,male,502371261,IwoCielniak@onet.pl
118,119,Bartosz,Wojcieszak,male,661269753,Bartosz.Wojcieszak@gmail.com
119,120,Natan,Niedbała,male,884210385,NatanNiedbala@onet.pl
120,121,Stanisław,Klejman,male,735245944,Stanislaw523@wp.pl
121,122,Julia,Krzewska,female,456751006,Julia5374@gmail.com
122,123,Melissa,Kliczek,female,534287677,Melissa.Kliczek@onet.pl
123,124,Pola,Balakowska,female,577364137,Pola4874@gmail.com
124,125,Julian,Konowałek,male,451607352,Julian.Kon@o2.pl
125,126,Mikołaj,Pawlikowski,male,571582802,Pawlikowski.Mi@gmail.com
126,127,Gabriela,Mazur,female,782888863,Gabriela.Maz@gmail.com
127,128,Laura,Fronczak,female,504757321,FronczakLaura@gmail.com
128,129,Tymoteusz,Głuszyk,male,607307522,GluszykTymoteusz@gmail.com
129,130,Jagoda,Krzykowska,female,604766731,Krzykowska9282@wp.pl
130,131,Tymoteusz,Telega,male,451002975,Tymoteusz1362@interia.pl
131,132,Alex,Grochola,male,783583220,Grochola.Alex@interia.pl
132,133,Aleksander,Niewiadomski,male,516968268,NiewiadomskiAleksander@gmail.com
133,134,Maria,Kłoda,female,692731692,Kloda.Maria@wp.pl
134,135,Tymon,Cierniewski,male,786194220,Tymon.Cierniewski@gmail.com
135,136,Krzysztof,Sosenka,male,456896215,Sosenka.Krzy@onet.pl
136,137,Amelia,Kuza,female,788322085,Amelia8633@onet.pl
137,138,Amelia,Zygmunt,female,883667799,Zygmunt.Ame@onet.pl
138,139,Helena,Pater,female,784040716,Helena873@onet.pl
139,140,Marta,Warmuz,female,693820615,Marta.Warmuz@gmail.com
140,141,Przemysław,Marciniak,male,517594388,Marciniak.Przemyslaw@wp.pl
141,142,Franciszek,Gromek,male,575613829,Franciszek3045@wp.pl
142,143,Antonina,Baran,female,454704287,BaranAntonina@onet.pl
143,144,Natalia,Grobis,female,798125662,GrobisNatalia@gmail.com
144,145,Tymon,Pawlikowski,male,792565680,TymonPawlikowski@onet.pl
145,146,Michalina,Włodarska,female,602607083,Michalina.Wlo@wp.pl
146,147,Aurelia,Jaroch,female,884267162,AureliaJaroch@gmail.com
147,148,Aleksander,Szendzielorz,male,793198916,Aleksander7148@wp.pl
148,149,Tymon,Szklarski,male,517958533,Tymon1076@interia.pl
149,150,Artur,Fludra,male,882976618,ArturFludra@onet.pl
150,151,Oliwia,Kozieł,female,694819508,Oliwia1579@gmail.com
151,152,Mikołaj,Ziob,male,692095977,Mikolaj.Ziob@onet.pl
152,153,Daniel,Wedman,male,723969330,Wedman3480@gmail.com
153,154,Róża,Dębiec,female,531256608,RozaDebiec@gmail.com
154,155,Jan,Gąsior,male,695815146,Gasior.Jan@interia.pl
155,156,Michalina,Dworak,female,538255595,Michalina.Dworak@onet.pl
156,157,Iwona,Kozieł,female,783531357,Iwona.Kozi@gmail.com
157,158,Emilia,Lipka,female,662626936,Lipka.Em@gmail.com
158,159,Sara,Superczyńska,female,456398392,Sara.Superczynska@wp.pl
159,160,Oliwier,Pabian,male,698991793,Oliwier.Pabian@gmail.com
160,161,Nikodem,Haska,male,786012086,Nikodem.Has@onet.pl
161,162,Emilia,Doburzyńska,female,885685894,Emilia.Doburzynska@o2.pl
162,163,Filip,Pelzer,male,792481438,Pelzer9196@wp.pl
163,164,Maciej,Jeon,male,667238729,Jeon.Maci@interia.pl
164,165,Klara,Wolniewicz,female,698877204,Klara644@onet.pl
165,166,Alicja,Lis,female,693265709,Lis.Ali@wp.pl
166,167,Marcelina,Jankowska,female,695450994,Marcelina.Jan@o2.pl
167,168,Bartłomiej,Makuch,male,797993254,Makuch.Bartlomiej@wp.pl
168,169,Stanisław,Glijer,male,693549345,GlijerStanislaw@gmail.com
169,170,Emma,Bobrek,female,507634697,Bobrek1814@onet.pl
170,171,Emilia,Barańska,female,601882992,Emilia1256@wp.pl
171,172,Oskar,Łączyński,male,538115133,OskarLaczynski@gmail.com
172,173,Wojciech,Pijanowski,male,668307807,Pijanowski7978@onet.pl
173,174,Jagoda,Nechyporenko,female,573911773,NechyporenkoJagoda@gmail.com
174,175,Jan,Kurzawa,male,738573751,Kurzawa.Jan@o2.pl
175,176,Maciej,Pala,male,883861051,Pala.Maciej@wp.pl
176,177,Marcelina,Trawińska,female,782450483,MarcelinaTrawinska@wp.pl
177,178,Natan,Istrati,male,514298270,IstratiNatan@wp.pl
178,179,Klara,Lech,female,887094482,KlaraLech@gmail.com
179,180,Martyna,Pyzik,female,571833324,Martyna.Pyz@wp.pl
180,181,Pola,Tabor,female,607482106,Pola.Tab@onet.pl
181,182,Piotr,Sendyk,male,792338315,Sendyk.Pi@wp.pl
182,183,Zuzanna,Moskal,female,792970456,Moskal1619@interia.pl
183,184,Zuzanna,Nagrodzka,female,534005878,Nagrodzka.Zuzanna@interia.pl
184,185,Antoni,Stankiewicz,male,721412261,Antoni.Stan@onet.pl
185,186,Hanna,Lorbiecka,female,517298238,Lorbiecka3949@wp.pl
186,187,Agata,Kocjan,female,575200827,Agata.Kocjan@wp.pl
187,188,Pola,Schabek,female,505488684,Pola.Schabek@wp.pl
188,189,Olaf,Kozioł,male,783435058,Koziol5978@o2.pl
189,190,Gabriela,Chojnacka,female,501654816,GabrielaChojnacka@interia.pl
190,191,Aniela,Szmit,female,508767102,Szmit.Aniela@wp.pl
191,192,Stanisław,Bobowski,male,783458882,BobowskiStanislaw@wp.pl
192,193,Timur,Budrewicz,male,731933483,Timur.Budrewicz@wp.pl
193,194,Jadwiga,Kłopotek,female,503356492,KlopotekJadwiga@wp.pl
194,195,Zuzanna,Dendewicz,female,881802830,ZuzannaDendewicz@wp.pl
195,196,Tadeusz,Michalczuk,male,514155138,Michalczuk2854@onet.pl
196,197,Blanka,Bikowska,female,886244026,Bikowska.Bl@onet.pl
197,198,Ignacy,Sobiecki,male,513646970,Ignacy.Sobiecki@onet.pl
198,199,Gabriel,Oszczak,male,512921069,Oszczak.Gabr@wp.pl
199,200,Elizabeth,Woźniak,female,456482710,ElizabethWozniak@gmail.com
200,201,Aurora,Mańkowska,female,451506025,Mankowska.Auro@wp.pl
201,202,Jagoda,Skomorucha,female,881421470,Skomorucha.Jagoda@gmail.com
202,203,Oliwia,Wiktorowicz,female,733578109,Oliwia.Wikt@wp.pl
203,204,Kaja,Malinowska,female,887840495,Kaja3572@o2.pl
204,205,Amelia,Prus,female,578575999,Prus.Amelia@gmail.com
205,206,Marcel,Filipecki,male,661995688,Filipecki.Marcel@wp.pl
206,207,Maria,Lach,female,457655200,MariaLach@onet.pl
207,208,Marcel,Grochulski,male,888010668,MarcelGrochulski@interia.pl
208,209,Miłosz,Banasiak,male,571853418,Milosz9574@interia.pl
209,210,Zuzanna,Dziunycz,female,722911795,Zuzanna9428@wp.pl
210,211,Roksana,Turalska,female,535161049,Turalska.Ro@interia.pl
211,212,Roman,Hamryszak,male,518223113,Roman.Hamryszak@wp.pl
212,213,Iga,Lendzioszek,female,505302084,Lendzioszek.Iga@wp.pl
213,214,Daria,Lachowska,female,728557202,Lachowska.Daria@onet.pl
214,215,Adam,Prusak,male,728165386,Adam.Prusak@gmail.com
215,216,Maja,Barucha,female,664941167,Maja.Barucha@wp.pl
216,217,Zuzanna,Figura,female,732711756,Zuzanna7841@wp.pl
217,218,Julia,Czarnowska,female,575193624,Czarnowska.Juli@onet.pl
218,219,Szymon,Hamadyk,male,723252395,Szymon7122@wp.pl
219,220,Michalina,Głuch,female,574682572,Michalina.Gluch@gmail.com
220,221,Marcin,Ziętek,male,666645821,MarcinZietek@wp.pl
221,222,Pola,Kasyk,female,667240131,PolaKasyk@gmail.com
222,223,Kornelia,Janus,female,733124844,Janus.Korn@wp.pl
223,224,Adrianna,Janeczek,female,601027078,Janeczek.Adr@onet.pl
224,225,Leon,Bujanowski,male,738627001,BujanowskiLeon@wp.pl
225,226,Leon,Kowalczyk,male,668346337,Leon.Kowalczyk@wp.pl
226,227,Kajetan,Steć,male,602457579,Kajetan.Stec@gmail.com
227,228,Tomasz,Chmiel,male,788865923,ChmielTomasz@o2.pl
228,229,Julian,Sąciński,male,451708648,Sacinski.Julian@gmail.com
229,230,Nela,Gubernat,female,456906091,Gubernat.Nel@gmail.com
230,231,Ignacy,Sukiennik,male,607230072,Sukiennik.Igna@gmail.com
231,232,Maja,Świderska,female,782438902,SwiderskaMaja@gmail.com
232,233,Marcel,Kowalski,male,578532997,Marcel.Kowalski@o2.pl
233,234,Maryna,Kowalczyk,female,781602066,Kowalczyk.Maryna@interia.pl
234,235,Maja,Olejniczak,female,503847612,Maja6202@gmail.com
235,236,Milena,Kader,female,728220438,KaderMilena@interia.pl
236,237,Artur,Kisała,male,735080559,Artur.Kisala@gmail.com
237,238,Izabela,Mielcarz,female,453758781,Izabela2324@gmail.com
238,239,Antoni,Dryjer,male,453885413,Antoni8712@wp.pl
239,240,Pola,Rybska,female,665508160,Pola5592@gmail.com
240,241,Piotr,Dębniak,male,787566170,Debniak4481@interia.pl
241,242,Nadia,Szewczyk,female,511015257,Szewczyk2991@wp.pl
242,243,Amadeusz,Truszko,male,571335343,Amadeusz.Truszko@o2.pl
243,244,Antoni,Bąk,male,574496077,AntoniBak@gmail.com
244,245,Oliwia,Zawadzka,female,692945514,Zawadzka.Oliwia@onet.pl
245,246,Milena,Stępińska,female,603175497,MilenaStepinska@gmail.com
246,247,Julia,Gzik,female,514510614,Julia3029@o2.pl
247,248,Olivia,Jutrzenka,female,538371079,OliviaJutrzenka@wp.pl
248,249,Adam,Mazur,male,506156826,Mazur.Adam@interia.pl
249,250,Zuzanna,Wesołowska,female,571187323,WesolowskaZuzanna@gmail.com
250,251,Nela,Kasperek,female,732679246,Kasperek.Nela@gmail.com
251,252,Kazimierz,Dudek,male,535949069,DudekKazimierz@wp.pl
252,253,Laura,Smołuch,female,511029557,Laura7839@onet.pl
253,254,Mieszko,Gulczyński,male,728790848,Gulczynski.Mi@onet.pl
254,255,Marcelina,Smagoń,female,453168515,Smagon1545@interia.pl
255,256,Lena,Arcisz,female,738515474,Arcisz7699@wp.pl
256,257,Maja,Wiltos,female,602825796,Maja.Wiltos@o2.pl
257,258,Filip,Łabaj,male,696523419,Filip.Laba@wp.pl
258,259,Agata,Dmowska,female,722083833,DmowskaAgata@wp.pl
259,260,Zuzanna,Szewczyk,female,606661431,Szewczyk.Zuza@gmail.com
260,261,Kacper,Bławat,male,697657286,Kacper.Blawat@gmail.com
261,262,Antonina,Szychowiak,female,452044289,AntoninaSzychowiak@onet.pl
262,263,Jakub,Wolański,male,882369406,WolanskiJakub@onet.pl
263,264,Adrian,Daról,male,451189771,Darol333@onet.pl
264,265,Adrianna,Pankiewicz,female,794262765,PankiewiczAdrianna@gmail.com
265,266,Marcelina,Klimaj,female,533132885,Klimaj.Marc@gmail.com
266,267,Marlena,Malcharczyk,female,603997874,Malcharczyk.Marlena@interia.pl
267,268,Michał,Pietrzak,male,692986970,PietrzakMichal@wp.pl
268,269,Zofia,Kołodziej,female,788484204,Zofia.Kolodziej@gmail.com
269,270,Leon,Jaśkiewicz,male,535821072,Leon.Jaskiewicz@wp.pl
270,271,Mia,Czepiel,female,667753675,Czepiel6648@gmail.com
271,272,Ryszard,Pilnik,male,727488436,Pilnik.Ryszard@interia.pl
272,273,Nikodem,Krapa,male,692813851,NikodemKrapa@wp.pl
273,274,Wiktoria,Bachmatiuk,female,883874099,BachmatiukWiktoria@gmail.com
274,275,Ignacy,Grzyb,male,885192530,Grzyb8100@gmail.com
275,276,Marianna,Franków,female,605643133,Marianna1300@o2.pl
276,277,Anna,Czekaj,female,511904103,Czekaj1779@gmail.com
277,278,Mikołaj,Rai,male,531018940,Mikolaj.Rai@gmail.com
278,279,Filip,Cholewa,male,574375888,Filip.Cho@wp.pl
279,280,Lena,Fujawa,female,501007771,Lena.Fujawa@gmail.com
280,281,Jakub,Gregorek,male,883915282,Jakub7448@onet.pl
281,282,Ignacy,Ratowski,male,535652808,Ratowski761@o2.pl
282,283,Ignacy,Frączek,male,797019119,Fraczek.Ignacy@gmail.com
283,284,Nikola,Szewczak,female,784124613,Nikola.Szew@wp.pl
284,285,Marta,Mikołajczyk,female,732179844,Mikolajczyk.Mar@wp.pl
285,286,Nikodem,Dunaievskyi,male,537341774,Dunaievskyi.Nikodem@o2.pl
286,287,Kacper,Białyński,male,792975840,BialynskiKacper@gmail.com
287,288,Zoja,Skarba,female,698610262,Zoja.Skarba@gmail.com
288,289,Jan,Przybylski,male,507422355,Przybylski8293@gmail.com
289,290,Bruno,Novikov,male,726897818,Novikov.Bruno@gmail.com
290,291,Beniamin,Kopacz,male,793524551,Beniamin.Kopa@wp.pl
291,292,Miłosz,Karwowski,male,506681855,KarwowskiMilosz@gmail.com
292,293,Leon,Filipiak,male,662600207,Filipiak6009@gmail.com
293,294,Zofia,Wach,female,666540335,Zofia.Wach@interia.pl
294,295,Apolonia,Zych,female,576669426,ZychApolonia@interia.pl
295,296,Maja,Kozak,female,696319905,Maja.Koz@onet.pl
296,297,Alan,Furman,male,503949393,FurmanAlan@onet.pl
297,298,Maria,Kotlarska,female,795587032,KotlarskaMaria@onet.pl
298,299,Patrycja,Janicka,female,512518482,Patrycja8002@gmail.com
299,300,Zofia,Bieniek,female,576715579,Bieniek7422@gmail.com
300,301,Nadia,Czarnecka,female,722979327,Czarnecka.Nad@gmail.com
301,302,Tymoteusz,Czajkowski,male,731420748,Czajkowski.Tymoteusz@o2.pl
302,303,Zuzanna,Zdanowicz,female,734304303,Zdanowicz1714@o2.pl
303,304,Zofia,Łozińska,female,781106345,Lozinska9377@gmail.com
304,305,Nina,Krawczyk,female,515012356,NinaKrawczyk@gmail.com
305,306,Iga,Storch,female,736646515,IgaStorch@onet.pl
306,307,Faustyna,Plewka,female,793278015,Plewka4568@onet.pl
307,308,Filip,Szefer,male,505660640,Filip.Sze@o2.pl
308,309,Emilia,Suchorowska,female,796396089,Emilia1458@gmail.com
309,310,Bruno,Wilkosz,male,515106932,Wilkosz.Bruno@interia.pl
310,311,Nadia,Turło,female,792003817,Turlo2309@o2.pl
311,312,Anna,Domańska,female,795147292,Anna.Dom@onet.pl
312,313,Karolina,Kiczyńska,female,884277219,Karolina.Kicz@onet.pl
313,314,Oliwia,Salwiczek,female,535937980,OliwiaSalwiczek@gmail.com
314,315,Matylda,Dec,female,692872630,Dec.Maty@wp.pl
315,316,Antoni,Jaroszczuk,male,517795471,AntoniJaroszczuk@gmail.com
316,317,Liliana,Ziemiacka,female,512659879,ZiemiackaLiliana@wp.pl
317,318,Wojciech,Turkowski,male,511638099,Wojciech.Tur@wp.pl
318,319,Gabriela,Kamińska,female,795971327,Kaminska.Gabriela@onet.pl
319,320,Mikołaj,Bober,male,884777680,MikolajBober@gmail.com
320,321,Nina,Klimczewska,female,737767274,KlimczewskaNina@wp.pl
321,322,Laura,Hoppe,female,511927207,Hoppe.Laura@o2.pl
322,323,Bruno,Szczepaniak,male,781850319,BrunoSzczepaniak@gmail.com
323,324,Laura,Kramarz,female,691768865,Laura.Kra@gmail.com
324,325,Alicja,Danek,female,733258430,AlicjaDanek@wp.pl
325,326,Kornelia,Olszewska,female,793659472,Olszewska2918@wp.pl
326,327,Apolonia,Siwy,female,453759891,Apolonia.Siwy@o2.pl
327,328,Iga,Suszek,female,723185400,Iga.Suszek@gmail.com
328,329,Oliwia,Górecka,female,456149437,GoreckaOliwia@wp.pl
329,330,Nikola,Kosińska,female,727506362,Nikola.Kos@gmail.com
330,331,Antonina,Mleczko,female,788288040,MleczkoAntonina@wp.pl
331,332,Wojciech,Miciński,male,691316365,Micinski469@gmail.com
332,333,Marcel,Ziółkowski,male,515112398,Ziolkowski.Mar@interia.pl
333,334,Krzesimir,Arcab,male,661781990,ArcabKrzesimir@o2.pl
334,335,Andrzej,Spajzer,male,512315423,AndrzejSpajzer@o2.pl
335,336,Franciszek,Kilar,male,732263391,Franciszek.Kila@gmail.com
336,337,Michalina,Ściążko,female,661670256,MichalinaSciazko@o2.pl
337,338,Hanna,Malinowska,female,501486315,HannaMalinowska@wp.pl
338,339,Wiktor,Firkowski,male,506210653,Wiktor2044@o2.pl
339,340,Bogumiła,Karbowiak,female,793860149,Bogumila.Kar@gmail.com
340,341,Konrad,Tybiński,male,508513632,Konrad6738@onet.pl
341,342,Aleksander,Stanisławski,male,694306001,AleksanderStanislawski@interia.p
342,343,Bartosz,Bryżys,male,537430932,Bryzys.Bartosz@gmail.com
343,344,Joanna,Dzioch,female,884795778,Dzioch.Joan@wp.pl
344,345,Klara,Hałucha,female,457203921,Halucha.Kl@wp.pl
345,346,Bianka,Kasprzak,female,603642171,BiankaKasprzak@gmail.com
346,347,Szymon,Wnuk,male,451681243,Szymon.Wnuk@onet.pl
347,348,Kornelia,Wasyliszyn,female,606524410,Kornelia8503@wp.pl
348,349,Wiktor,Białożyt,male,695978759,Bialozyt1263@onet.pl
349,350,Krzysztof,Witkowski,male,534494165,Krzysztof5395@o2.pl
350,351,Laura,Powichrowska,female,507504019,Laura9021@wp.pl
351,352,Mikołaj,Ozimek,male,574137650,Ozimek.Mikolaj@o2.pl
352,353,Marek,Pyrgiel,male,883908834,Pyrgiel.Marek@gmail.com
353,354,Franciszek,Fedyk,male,503245078,Franciszek.Fedy@onet.pl
354,355,Karina,Trawińska,female,458731678,Karina7763@interia.pl
355,356,Pola,Nowak,female,538145208,Nowak.Pola@interia.pl
356,357,Cezary,Pauzder,male,572230939,Pauzder5847@gmail.com
357,358,Maksymilian,Zagaja,male,788700668,Zagaja.Maksymilian@gmail.com
358,359,Waleria,Brudzińska,female,576878050,Waleria.Brud@onet.pl
359,360,Oskar,Tincel,male,881049921,Tincel.Oskar@wp.pl
360,361,Szymon,Matuszewski,male,666636340,Szymon.Matuszewski@wp.pl
361,362,Hanna,Maćkowiak,female,882820016,Mackowiak.Han@gmail.com
362,363,Ignacy,Hojda,male,507521985,Hojda2567@o2.pl
363,364,Róża,Pawłowska,female,604947623,RozaPawlowska@gmail.com
364,365,Tymon,Balawender,male,515535446,Tymon.Bal@interia.pl
365,366,Klara,Durska,female,663458305,DurskaKlara@gmail.com
366,367,Laura,Cieśluk,female,727869335,Laura6193@wp.pl
367,368,Dominik,Wróbel,male,733192298,WrobelDominik@wp.pl
368,369,Aleksandra,Bochenek,female,883196894,Bochenek.Ale@interia.pl
369,370,Mikołaj,Stec,male,508405134,Stec.Mikolaj@onet.pl
370,371,Emma,Kamieńska,female,664295677,Emma3793@gmail.com
371,372,Pola,Woszczyk,female,512983717,PolaWoszczyk@wp.pl
372,373,Yevheniia,Walecka,female,578017255,Walecka5348@wp.pl
373,374,Dawid,Wnuk,male,604471259,Dawid5617@onet.pl
374,375,Leon,Benczkowski,male,731635967,Benczkowski.Leon@wp.pl
375,376,Marcelina,Chołody,female,781367875,Marcelina.Cholody@wp.pl
376,377,Patryk,Krasnodębski,male,457968255,KrasnodebskiPatryk@onet.pl
377,378,Mieszko,Koush,male,664016565,KoushMieszko@onet.pl
378,379,Maria,Yurkiv,female,538692050,YurkivMaria@wp.pl
379,380,Zofia,Mazurek,female,796911951,ZofiaMazurek@onet.pl
380,381,Karol,Mioscka,male,606338815,KarolMioscka@o2.pl
381,382,Kamila,Ostaszewska,female,501203212,Ostaszewska9063@interia.pl
382,383,Marcel,Szczudło,male,452959186,Szczudlo.Marcel@wp.pl
383,384,Igor,Dukat,male,883564030,Dukat4354@onet.pl
384,385,Oliwier,Ornatek,male,515184919,OrnatekOliwier@gmail.com
385,386,Leonard,Mrozik,male,788314595,LeonardMrozik@o2.pl
386,387,Julia,Rychlewska,female,691740844,Rychlewska.Ju@onet.pl
387,388,Kornel,Kisilewicz,male,576233961,KisilewiczKornel@wp.pl
388,389,Oleksandra,Zielińska,female,606322554,Zielinska.Ole@gmail.com
389,390,Emilia,Kasperek,female,536060234,Kasperek.Emilia@interia.pl
390,391,Michał,Kardas,male,532130257,MichalKardas@gmail.com
391,392,Lena,Liberadzka,female,797676399,Lena7112@wp.pl
392,393,Maja,Gruszczyńska,female,503861432,Maja.Gruszczynska@wp.pl
393,394,Karol,Siemionkowicz,male,532311048,Siemionkowicz.Karol@gmail.com
394,395,Piotr,Skulski,male,536816176,SkulskiPiotr@onet.pl
395,396,Helena,Jeżak,female,511902178,HelenaJezak@gmail.com
396,397,Kaja,Fąferek,female,661214316,Kaja.Faferek@wp.pl
397,398,Antonina,Negri,female,458469379,Antonina8906@wp.pl
398,399,Maya,Dac,female,796821493,Dac.Maya@wp.pl
399,400,Zofia,Piekarz,female,602276903,Zofia.Piek@interia.pl
400,401,Izabela,Stankiewicz,female,605691828,IzabelaStankiewicz@onet.pl
401,402,Emilia,Majer,female,507106698,Emilia.Majer@interia.pl
402,403,Bartosz,Shevchenko,male,798561935,Bartosz.Shev@gmail.com
403,404,Alicja,Nykowska,female,531125964,Nykowska.Al@wp.pl
404,405,Amir,Plasun,male,601582680,Plasun.Am@gmail.com
405,406,Karol,Adamski,male,726928388,KarolAdamski@onet.pl
406,407,Zofia,Cierocka,female,573393930,Zofia.Cie@wp.pl
407,408,Zuzanna,Warecka,female,731176746,Warecka.Zuzanna@wp.pl
408,409,Felicja,Kępska,female,514344755,Kepska.Felicja@onet.pl
409,410,Dawid,Bień,male,882806653,Dawid.Bie@o2.pl
410,411,Vanessa,Szadach,female,694345047,Szadach.Vane@wp.pl
411,412,Hubert,Lambarski,male,792910230,HubertLambarski@onet.pl
412,413,Zofia,Chilkiewicz,female,662502086,Zofia.Chil@onet.pl
413,414,Tymoteusz,Orliński,male,662039924,Tymoteusz9738@wp.pl
414,415,Tadeusz,Krawczyk,male,537727770,KrawczykTadeusz@o2.pl
415,416,Zofia,Nowak,female,783331941,Nowak.Zof@o2.pl
416,417,Justyna,Lonc,female,608041313,Lonc6147@gmail.com
417,418,Julia,Świerkot,female,458303298,SwierkotJulia@gmail.com
418,419,Kacper,Wierzowiecki,male,738378740,Wierzowiecki8688@interia.pl
419,420,Natan,Adamczyk,male,538414881,NatanAdamczyk@wp.pl
420,421,Nikodem,Stojke,male,725195140,Nikodem910@o2.pl
421,422,Platon,Fabisiak,male,518776789,Fabisiak8177@wp.pl
422,423,Klara,Tylkowska,female,571326339,KlaraTylkowska@wp.pl
423,424,Igor,Stefanowicz,male,662331126,Stefanowicz.Igor@wp.pl
424,425,Nikodem,Kucharski,male,723364851,NikodemKucharski@gmail.com
425,426,Weronika,Skrzypczyk,female,601980072,WeronikaSkrzypczyk@wp.pl
426,427,Adrianna,Gawryszczak,female,537605049,GawryszczakAdrianna@interia.pl
427,428,Szymon,Kmieć,male,575187590,KmiecSzymon@gmail.com
428,429,Wanda,Foszczyńska,female,518873185,Foszczynska3219@o2.pl
429,430,Helena,Żyłko,female,571174922,Helena.Zylko@onet.pl
430,431,Jakub,Grzybowski,male,453087312,JakubGrzybowski@wp.pl
431,432,Wojciech,Grzywa,male,738987545,Wojciech.Grzywa@gmail.com
432,433,Kuba,Płeszka,male,885374711,Pleszka.Kub@onet.pl
433,434,Iga,Król,female,787377600,Iga6609@wp.pl
434,435,Hugo,Adamiak,male,662300555,Hugo.Adam@gmail.com
435,436,Milena,Szydłowska,female,511304417,Milena2963@onet.pl
436,437,Antonina,Tecław,female,531586449,TeclawAntonina@interia.pl
437,438,Daniel,Ledwoń,male,726169936,Ledwon.Daniel@wp.pl
438,439,Szymon,Ferenc,male,511550665,Szymon5697@wp.pl
439,440,Jagoda,Zaborowska,female,738067946,Zaborowska.Jagoda@wp.pl
440,441,Natalia,Proszkiewicz,female,696430279,Natalia401@wp.pl
441,442,Helena,Szczecina,female,578105351,Helena1127@gmail.com
442,443,Wojciech,Kowalczyk,male,514317810,Wojciech.Kowalczyk@gmail.com
443,444,Bruno,Kucz,male,573417341,Bruno.Kuc@gmail.com
444,445,Jakub,Cieszyński,male,457370176,CieszynskiJakub@wp.pl
445,446,Aleksander,Świniarski,male,576473436,AleksanderSwiniarski@gmail.com
446,447,Laura,Zduńska,female,793369989,Zdunska.Laura@wp.pl
447,448,Zofia,Kapica,female,602601046,Zofia.Kapica@onet.pl
448,449,Bianka,Greniuk,female,884860201,Bianka5499@interia.pl
449,450,Zofia,Kuś,female,455853323,ZofiaKus@interia.pl
450,451,Lucyna,Solak,female,575926422,Solak9617@gmail.com
451,452,Kornel,Krzyżanowski,male,603871745,Kornel.Krzyzanowski@o2.pl
452,453,Helena,Zawiślak,female,572217031,Zawislak.Helena@o2.pl
453,454,Victoria,Kaczmarek,female,792211351,Kaczmarek.Victoria@wp.pl
454,455,Maja,Duc,female,507121130,Duc.Maja@wp.pl
455,456,Laura,Dolata,female,538563887,Laura9674@gmail.com
456,457,Maksymilian,Jarmużek,male,734114146,MaksymilianJarmuzek@onet.pl
457,458,Zuzanna,Zboińska,female,503664830,ZuzannaZboinska@wp.pl
458,459,Leon,Wójcik,male,456655757,LeonWojcik@gmail.com
459,460,Helena,Predenkiewicz,female,696743394,Helena.Pred@gmail.com
460,461,Erik,Buczkowski,male,606970331,ErikBuczkowski@onet.pl
461,462,Franciszek,Herdzik,male,886665828,Franciszek.Herdzik@o2.pl
462,463,Maria,Rudnik,female,882555288,Rudnik.Mar@interia.pl
463,464,Stanisław,Winsztal,male,885243807,StanislawWinsztal@gmail.com
464,465,Aleksander,Mazur,male,883023443,Mazur.Aleksander@gmail.com
465,466,Jan,Strasik,male,502885343,Jan.Str@o2.pl
466,467,Milana,Szymanowska,female,667401186,SzymanowskaMilana@o2.pl
467,468,Elena,Maziarz,female,887767448,Maziarz.Ele@wp.pl
468,469,Lilianna,Stępień,female,696401033,Lilianna8054@gmail.com
469,470,Letycja,Zyskowska,female,887423470,Letycja.Zyskowska@onet.pl
470,471,Gabriel,Rędziak,male,692059697,Gabriel.Redziak@wp.pl
471,472,Julia,Dąbrowska,female,454881261,Julia6502@gmail.com
472,473,Maksymilian,Bonik,male,507311015,Maksymilian.Bonik@wp.pl
473,474,Yurii,Jagielski,male,532178558,Yurii.Jag@interia.pl
474,475,Sara,Cukierda,female,533998106,SaraCukierda@wp.pl
475,476,Zofia,Roguszczak,female,881566821,Roguszczak.Zo@interia.pl
476,477,Franciszek,Czyżewski,male,573794195,Czyzewski.Franciszek@wp.pl
477,478,Antonina,Zdonek,female,601166832,Antonina.Zdo@gmail.com
478,479,Barbara,Chlebowska,female,577154184,Chlebowska7687@gmail.com
479,480,Yana,Wicher,female,508987915,Wicher.Yana@onet.pl
480,481,Nikodem,Gromala,male,697315103,Nikodem2358@wp.pl
481,482,Zofia,Biłyk,female,513185966,Bilyk.Zof@onet.pl
482,483,Antoni,Janus,male,696264698,JanusAntoni@onet.pl
483,484,Zuzanna,Jarco,female,515125169,ZuzannaJarco@gmail.com
484,485,Hanna,Hala,female,571199301,Hala.Ha@o2.pl
485,486,Hanna,Wasiulewska,female,794248948,Hanna4164@gmail.com
486,487,Ryszard,Cieślar,male,783099113,Cieslar3944@interia.pl
487,488,Kajetan,Walczak,male,668171992,Walczak.Kaj@wp.pl
488,489,Igor,Kowalik,male,512548327,Kowalik.Igor@gmail.com
489,490,Laura,Jedlińska,female,572826157,Laura2187@wp.pl
490,491,Maciej,Sikora,male,501553463,Maciej7123@onet.pl
491,492,Marcelina,Sarek,female,694343052,Marcelina2088@onet.pl
492,493,Amelia,Dubiel,female,733980504,DubielAmelia@gmail.com
493,494,Mikołaj,Dzionek,male,607642936,Mikolaj.Dzionek@gmail.com
494,495,Mia,Normantowicz,female,452762440,Mia.Norm@onet.pl
495,496,Aleksander,Dobosz,male,726140003,Aleksander.Dobo@gmail.com
496,497,Maria,Gil,female,887165893,Gil.Maria@gmail.com
497,498,Bartłomiej,Smolarek,male,506500632,Bartlomiej.Smolarek@onet.pl
498,499,Marcel,Olchawa,male,736667927,Olchawa.Mar@onet.pl
499,500,Pola,Marczak,female,604081198,Pola.Mar@o2.pl
500,501,Lena,Czupryńska,female,726312292,Czuprynska8971@interia.pl
501,502,Piotr,Raczkowski,male,698334155,Piotr1267@gmail.com
502,503,Diana,Chojnacka,female,692087467,DianaChojnacka@gmail.com
503,504,Aleksandra,Radszajd,female,665752881,Aleksandra.Rad@gmail.com
504,505,Oliwia,Kałużny,female,664122126,KaluznyOliwia@gmail.com
505,506,Celina,Wasielewska,female,508936029,Wasielewska.Celina@gmail.com
506,507,Pola,Wojnar,female,738615005,Wojnar.Po@interia.pl
507,508,Łucja,Kłusek,female,782298754,Klusek2701@gmail.com
508,509,Małgorzata,Nowak,female,453635658,Malgorzata.Now@interia.pl
509,510,Borys,Ludniewski,male,573550918,Borys7240@wp.pl
510,511,Matylda,Sławek,female,508816149,Matylda.Slaw@o2.pl
511,512,Antoni,Wrzesień,male,887511911,Wrzesien.Antoni@gmail.com
512,513,Weronika,Kułaga,female,537366403,Weronika3796@gmail.com
513,514,Szymon,Ławik,male,456285813,Szymon.Lawik@onet.pl
514,515,Pola,Ochocka,female,502450546,Ochocka.Po@gmail.com
515,516,Hubert,Matuszyk,male,537345519,Matuszyk.Hubert@gmail.com
516,517,Franciszek,Czapiewski,male,885671832,Franciszek2858@onet.pl
517,518,Laura,Jaśko,female,666229920,LauraJasko@gmail.com
518,519,Valeria,Żołnowska,female,513041745,ValeriaZolnowska@gmail.com
519,520,Ignacy,Romancewicz,male,797410956,Ignacy.Romancewicz@gmail.com
520,521,Damian,Żebrowski,male,513517794,Damian.Zebrowski@gmail.com
521,522,Gabriel,Jędykiewicz,male,577626134,Gabriel7950@gmail.com
522,523,Jakub,Czyż,male,796553047,CzyzJakub@interia.pl
523,524,Lila,Nita,female,516280600,Nita1639@gmail.com
524,525,Aurelia,Malinowska,female,507720721,Aurelia.Mal@gmail.com
525,526,Pola,Grzelińska,female,507105434,Grzelinska.Pola@wp.pl
526,527,Liwia,Zielińska,female,724353688,LiwiaZielinska@gmail.com
527,528,Izabela,Dzianach,female,454050463,IzabelaDzianach@gmail.com
528,529,Gabriela,Kras,female,735060332,KrasGabriela@wp.pl
529,530,Malwina,Stołowska,female,533384324,Stolowska.Malwina@o2.pl
530,531,Wojciech,Mańkowski,male,502207227,MankowskiWojciech@gmail.com
531,532,Emilia,Słowik,female,798228984,Slowik8900@o2.pl
532,533,Iga,Tejs,female,574700651,Tejs.Ig@wp.pl
533,534,Antoni,Skiba,male,503867673,AntoniSkiba@o2.pl
534,535,Jakub,Stelmasiak,male,604297109,Stelmasiak.Ja@wp.pl
535,536,Oliwia,Ślemp,female,738837481,Oliwia.Sle@wp.pl
536,537,Nela,Radkiewicz,female,502431207,Nela.Radk@gmail.com
537,538,Adam,Klara,male,731265485,Klara.Adam@gmail.com
538,539,Antoni,Kulesza,male,451587203,Kulesza3733@gmail.com
539,540,Nikodem,Antkiewicz,male,696906847,Nikodem2073@wp.pl
540,541,Filip,Kakhishvili,male,733392226,Kakhishvili.Fi@gmail.com
541,542,Leon,Czapiewski,male,508521072,LeonCzapiewski@gmail.com
542,543,Tymon,Chmielewski,male,698758748,TymonChmielewski@gmail.com
543,544,Michał,Graczyk,male,663306076,MichalGraczyk@onet.pl
544,545,Róża,Pawłowska,female,535682982,Pawlowska4788@interia.pl
545,546,Maja,Konewko,female,457870927,Maja.Konewko@onet.pl
546,547,Laura,Grudziecka,female,456047474,Laura.Grud@onet.pl
547,548,Aleksandra,Brzezińska,female,532476256,Brzezinska.Aleksandra@wp.pl
548,549,Nel,Mistarz,female,727941846,Nel.Mist@onet.pl
549,550,Laura,Drozda,female,665517011,Drozda.Laur@gmail.com
550,551,Zofia,Kaczmarczyk,female,503282672,Kaczmarczyk8200@wp.pl
551,552,Pola,Riegel,female,666285117,RiegelPola@interia.pl
552,553,Zofia,Brzozowska,female,887395865,Zofia.Brzozowska@wp.pl
553,554,Zoja,Olejarz,female,455528379,Olejarz.Zoja@gmail.com
554,555,Olivier,Maślak,male,538955169,MaslakOlivier@gmail.com
555,556,Nadia,Wróbel,female,724900146,Nadia.Wrobel@interia.pl
556,557,Ignacy,Krysiak,male,457763097,KrysiakIgnacy@onet.pl
557,558,Kaja,Kośmider,female,577507044,KajaKosmider@onet.pl
558,559,Matylda,Stenka,female,516859058,Stenka.Maty@gmail.com
559,560,Piotr,Czmielewski,male,731062800,CzmielewskiPiotr@onet.pl
560,561,Maciej,Cichoń,male,572817216,CichonMaciej@onet.pl
561,562,Bartosz,Klocek,male,726993582,Klocek.Bartosz@wp.pl
562,563,Pola,Kaptur,female,518368977,Kaptur.Pol@interia.pl
563,564,Florentyna,Zuba,female,787254901,Zuba.Florentyna@onet.pl
564,565,Hanna,Maziarz,female,724958023,Hanna.Maziarz@interia.pl
565,566,Igor,Świstowski,male,662171632,Swistowski.Igor@gmail.com
566,567,Gabriel,Wakuliński,male,888514412,Wakulinski.Gabriel@gmail.com
567,568,Nikodem,Korchynskyi,male,668180049,Nikodem.Korchynskyi@o2.pl
568,569,Klara,Błondek,female,691484188,Blondek.Klara@wp.pl
569,570,Zofia,Bętkowska,female,887536455,Zofia.Betk@onet.pl
570,571,Jakub,Nowak,male,504725773,Nowak4563@wp.pl
571,572,Witold,Elert,male,538055420,WitoldElert@gmail.com
572,573,Snizhana,Tuńska,female,693626158,Snizhana6821@gmail.com
573,574,Stanisław,Dumin,male,516592835,Stanislaw.Dumin@wp.pl
574,575,Stanisław,Bryks,male,606636397,Stanislaw.Bryk@o2.pl
575,576,Tymoteusz,Wabik,male,608602678,Wabik.Tymoteusz@wp.pl
576,577,Marcel,Żak,male,663639594,Zak.Marc@wp.pl
577,578,Julia,Doligała,female,884163814,JuliaDoligala@wp.pl
578,579,Maksymilian,Bachta,male,781986960,BachtaMaksymilian@o2.pl
579,580,Rozalia,Czebieniak,female,735857671,Czebieniak.Roz@wp.pl
580,581,Milena,Pikulik,female,534289618,Pikulik.Mile@gmail.com
581,582,Nina,Bednarska,female,507058000,Nina.Bednarska@gmail.com
582,583,Zuzanna,Rębiś,female,792573628,Zuzanna.Rebi@gmail.com
583,584,Nela,Gromek,female,794484990,Nela.Gro@interia.pl
584,585,Maja,Miemiec,female,791787118,Miemiec.Maja@gmail.com
585,586,Weronika,Kuliczkowska,female,784013281,Weronika.Kuli@onet.pl
586,587,Bartosz,Mierzwa,male,451603034,Mierzwa5926@o2.pl
587,588,Luiza,Szklarzewska,female,796516734,Szklarzewska1023@onet.pl
588,589,Feliks,Lewandowski,male,606412199,Feliks9184@wp.pl
589,590,Karol,Papiernik,male,887132566,Karol.Papi@wp.pl
590,591,Victoria,Żochowska,female,602279441,Victoria.Zoch@onet.pl
591,592,Gaja,Kucwaj,female,505221210,Gaja.Kucwaj@gmail.com
592,593,Antonina,Wróblewska,female,728809033,Antonina5953@gmail.com
593,594,Marcel,Korotkiewicz,male,783035627,Marcel.Kor@onet.pl
594,595,Dorian,Knicz,male,536243841,Dorian.Kni@o2.pl
595,596,Maksymilian,Beger,male,881900799,Beger.Maksymilian@onet.pl
596,597,Maksymilian,Turlejski,male,795329564,Turlejski.Maksymilian@o2.pl
597,598,Piotr,Wysocki,male,721453368,WysockiPiotr@gmail.com
598,599,Dawid,Filipczak,male,535106101,Dawid.Filipczak@interia.pl
599,600,Liliana,Stielow,female,457433730,LilianaStielow@wp.pl
600,601,Natan,Jęśkowiak,male,883403134,Natan.Jeskowiak@interia.pl
601,602,Kamil,Rachubiński,male,452792400,KamilRachubinski@wp.pl
602,603,Letycja,Szarata,female,726951155,LetycjaSzarata@gmail.com
603,604,Justyna,Religo,female,783800094,Religo.Justyna@wp.pl
604,605,Jakub,Słapek,male,793421109,Jakub6344@onet.pl
605,606,Anna,Pacia,female,794008417,PaciaAnna@onet.pl
606,607,Helena,Haley,female,723713310,Haley.Helena@wp.pl
607,608,Marcel,Wojcicki,male,453851863,Marcel3979@wp.pl
608,609,Igor,Nowak,male,577316136,Igor.Now@o2.pl
609,610,Antoni,Piszczyński,male,888097412,Antoni.Piszczynski@gmail.com
610,611,Kornelia,Czerwińska,female,456927041,Kornelia.Cze@gmail.com
611,612,Szymon,Onyśk,male,693900728,Onysk7541@o2.pl
612,613,Tymon,Pawela,male,534848592,Tymon.Pawela@o2.pl
613,614,Maksymilian,Korzeniowski,male,452231517,Maksymilian.Korzeniowski@gmail.c
614,615,Łucja,Gruczek,female,504174332,Lucja.Gruczek@wp.pl
615,616,Zofia,Cebula,female,534930483,CebulaZofia@gmail.com
616,617,Miłosz,Michalski,male,883124442,Milosz.Michalski@wp.pl
617,618,Filip,Kowalski,male,784717031,Kowalski.Filip@gmail.com
618,619,Adam,Kotecki,male,506547876,Kotecki8935@gmail.com
619,620,Vladyslava,Kwiatkowska,female,535118425,Kwiatkowska5204@wp.pl
620,621,Edyta,Zawistowska,female,662942333,EdytaZawistowska@onet.pl
621,622,Miła,Głąbica,female,535098476,Glabica3942@wp.pl
622,623,Theo,Musiał,male,536913438,Theo5845@wp.pl
623,624,Laura,Maciąg,female,575043394,Laura5454@gmail.com
624,625,Aleksander,Olekszy,male,535888686,OlekszyAleksander@interia.pl
625,626,Laura,Wasielewska,female,601992314,Wasielewska.Laura@onet.pl
626,627,Klaudia,Reschke,female,504157079,Klaudia1455@wp.pl
627,628,Kinga,Pasik,female,797985309,Pasik.King@o2.pl
628,629,Aleksander,Marszałek,male,883585853,Marszalek.Alek@gmail.com
629,630,Dominika,Zyzik,female,791987760,Zyzik.Dominika@gmail.com
630,631,Zofia,Kuźniar,female,885966294,Kuzniar.Zofia@gmail.com
631,632,Timur,Cyran,male,501374896,Timur6756@wp.pl
632,633,Lilianna,Bankiewicz,female,881300868,Bankiewicz8671@interia.pl
633,634,Marysia,Bogusz,female,788530701,Bogusz.Mar@onet.pl
634,635,Wiktoria,Iwanicka,female,881462004,IwanickaWiktoria@gmail.com
635,636,Zofia,Walczak,female,794364994,Walczak.Zofi@gmail.com
636,637,Kajetan,Juraszewski,male,783517488,Juraszewski.Kajetan@gmail.com
637,638,Gabriela,Dorynek,female,453994906,Dorynek.Ga@wp.pl
638,639,Michalina,Wójcik,female,796026289,Michalina.Wojcik@gmail.com
639,640,Michał,Filipchenko,male,697547753,Michal.Fili@interia.pl
640,641,Bruno,Pospieszny,male,605003994,Bruno3122@interia.pl
641,642,Wiktor,Kozłowski,male,888013609,Kozlowski.Wi@o2.pl
642,643,Marcel,Woźnica,male,662882152,Marcel863@gmail.com
643,644,Karol,Parlak,male,794923482,Parlak.Karol@gmail.com
644,645,Apolonia,Kwiatkowska,female,455514210,KwiatkowskaApolonia@gmail.com
645,646,Mariia,Olechowska,female,536245459,OlechowskaMariia@onet.pl
646,647,Oliwier,Kaczmarek,male,502390453,KaczmarekOliwier@gmail.com
647,648,Lena,Serafin,female,788172620,LenaSerafin@o2.pl
648,649,Arina,Adamiak,female,456570709,Arina.Adam@onet.pl
649,650,Vanessa,Wiśniewska,female,735121871,Vanessa8181@gmail.com
650,651,Borys,Stanisławski,male,738084993,StanislawskiBorys@wp.pl
651,652,Agata,Zalewska,female,781037865,Agata.Zale@onet.pl
652,653,Stefan,Klima,male,726980715,Stefan4555@gmail.com
653,654,Leon,Abramowski,male,666091949,Leon.Abramowski@gmail.com
654,655,Kacper,Tokarz,male,732691955,KacperTokarz@wp.pl
655,656,Paweł,Citko,male,512387646,Citko.Pawel@o2.pl
656,657,Marcel,Gierczuk,male,693962512,MarcelGierczuk@gmail.com
657,658,Alicja,Sokołowska,female,505599148,Sokolowska.Alicja@gmail.com
658,659,Nel,Miroforidu,female,667124257,Miroforidu2027@gmail.com
659,660,Zofia,Sil,female,514729589,Sil.Zofia@gmail.com
660,661,Agata,Wasyluk,female,662423416,AgataWasyluk@interia.pl
661,662,Anna,Boguszewska,female,786723533,Anna.Bogu@o2.pl
662,663,Alicja,Kowalska,female,574815422,Kowalska.Alic@o2.pl
663,664,Adam,Sykuła,male,517642547,Sykula7733@gmail.com
664,665,Lucjan,Wysocki,male,723120107,Wysocki.Lucjan@onet.pl
665,666,Maja,Skowrońska,female,692621264,Maja4956@wp.pl
666,667,Franciszek,Trzeźwiński,male,607124858,FranciszekTrzezwinski@onet.pl
667,668,Oliwier,Świątek,male,738216121,Swiatek2712@onet.pl
668,669,Emilia,Majchrzak,female,534820083,Majchrzak.Emi@interia.pl
669,670,Hanna,Gasińska,female,787854005,HannaGasinska@o2.pl
670,671,Paula,Bukowska,female,694237549,Paula.Buko@o2.pl
671,672,Aurelia,Góralska,female,517613975,Aurelia7467@wp.pl
672,673,Marcel,Toborek,male,884700232,Toborek.Mar@onet.pl
673,674,Aurelia,Dybaś,female,784631092,DybasAurelia@gmail.com
674,675,Wojciech,Ligas,male,458167753,Wojciech.Lig@gmail.com
675,676,Tymon,Kłopocki,male,662232900,Tymon818@wp.pl
676,677,Blanka,Sarota,female,517533072,Blanka.Sarota@gmail.com
677,678,Ignacy,Adamiec,male,502809073,IgnacyAdamiec@wp.pl
678,679,Ksawery,Struszczak,male,883389345,KsaweryStruszczak@gmail.com
679,680,Jakub,Majda,male,513106788,MajdaJakub@wp.pl
680,681,Kajetan,Musiał,male,792906158,KajetanMusial@o2.pl
681,682,Lilia,Sikorska,female,607515730,Lilia.Sikorska@wp.pl
682,683,Alicja,Warunek,female,723951400,AlicjaWarunek@gmail.com
683,684,Lena,Bobrek,female,575127992,Lena9796@gmail.com
684,685,Kuba,Woda,male,786893765,KubaWoda@o2.pl
685,686,Michalina,Teteruk,female,798410140,TeterukMichalina@o2.pl
686,687,Łucja,Holstein,female,698655565,Lucja.Holstein@wp.pl
687,688,Franciszek,Łopato,male,572275112,Lopato.Fr@gmail.com
688,689,Iga,Kamińska,female,662184742,Iga6924@gmail.com
689,690,Liliana,Kulig,female,576057138,Kulig.Lili@gmail.com
690,691,Laura,Jastrzębowska,female,577116143,Laura.Jastrzebowska@gmail.com
691,692,Inga,Kacperczyk,female,885851874,Inga.Kacp@wp.pl
692,693,Blanka,Kowalska,female,518831900,Kowalska.Blanka@wp.pl
693,694,Antoni,Frąckowiak,male,883830495,Frackowiak.Anto@onet.pl
694,695,Hanna,Waliszewska,female,604037281,Waliszewska.Hanna@gmail.com
695,696,Jan,Dudek,male,885401432,Dudek.Ja@onet.pl
696,697,Zuzanna,Markiel,female,574786216,Markiel.Zuza@gmail.com
697,698,Julia,Waląg,female,786693625,WalagJulia@wp.pl
698,699,Dagmara,Wielebińska,female,785794196,Dagmara440@interia.pl
699,700,Kornel,Irzyk,male,603043163,Kornel251@gmail.com
700,701,Laura,Trojanowska,female,664246664,Trojanowska8502@gmail.com
701,702,Szymon,Gucia,male,453601513,Szymon6543@wp.pl
702,703,Zofia,Kośka,female,608111475,Koska8843@interia.pl
703,704,Nikodem,Etmański,male,607981114,Etmanski.Nik@gmail.com
704,705,Aleksander,Michalak,male,735683715,Michalak.Alek@onet.pl
705,706,Anastazja,Woś,female,726645192,Wos.Anas@onet.pl
706,707,Antoni,Szczepański,male,603184906,SzczepanskiAntoni@gmail.com
707,708,Adam,Kędziora,male,798016019,Adam.Kedziora@gmail.com
708,709,Kazimierz,Zubal,male,736157270,Kazimierz.Zub@wp.pl
709,710,Katarzyna,Gemza,female,735377710,Gemza.Ka@gmail.com
710,711,Emilia,Radzikowska,female,603308311,Radzikowska.Emil@wp.pl
711,712,Olga,Szczepańczyk,female,666333976,Olga.Szc@interia.pl
712,713,Amelia,Gajdzińska,female,536794398,Gajdzinska.Am@interia.pl
713,714,Antoni,Szabelski,male,575014836,Szabelski.An@o2.pl
714,715,Kacper,Moczarny,male,512720005,MoczarnyKacper@wp.pl
715,716,Jakub,Lewczyński,male,535765751,Lewczynski.Jakub@wp.pl
716,717,Alicja,Małek,female,532917387,Alicja1514@wp.pl
717,718,Jakub,Mytyk,male,787209516,MytykJakub@interia.pl
718,719,Oliwia,Krzewska,female,785331442,OliwiaKrzewska@interia.pl
719,720,Marcelina,Kaźmierczak,female,571026489,Kazmierczak1461@gmail.com
720,721,Alexander,Rybicki,male,507258270,Rybicki.Alexander@interia.pl
721,722,Karolina,Igiel,female,723569886,Karolina5417@onet.pl
722,723,Klara,Łoskot,female,886455961,Loskot.Klara@interia.pl
723,724,Julia,Sijka,female,605503028,SijkaJulia@interia.pl
724,725,Lilianna,Schulz,female,517010743,SchulzLilianna@gmail.com
725,726,Adam,Cichy,male,508829285,Cichy.Adam@gmail.com
726,727,Marzena,Wądołowska,female,536783275,Wadolowska6812@wp.pl
727,728,Tymon,Wrona,male,781273582,Tymon.Wro@gmail.com
728,729,Zofia,Herman,female,603475428,Zofia.Herm@wp.pl
729,730,Gabriela,Remplewicz,female,507967101,Remplewicz.Ga@wp.pl
730,731,Estera,Gatzka,female,721630501,Gatzka.Estera@gmail.com
731,732,Milena,Wiatrowska,female,795460980,Milena1711@wp.pl
732,733,Aleksander,Kleimenov,male,798724203,KleimenovAleksander@gmail.com
733,734,Klara,Wieczorek,female,781316177,Klara1393@interia.pl
734,735,Sebastian,Kaczyna,male,662431631,Kaczyna.Sebastian@gmail.com
735,736,Aniela,Rutkowska,female,576738636,Aniela6248@gmail.com
736,737,Sebastian,Korzeniewski,male,666103224,Sebastian.Korzeniewski@wp.pl
737,738,Emiliia,Pióro,female,691318717,Emiliia.Pior@o2.pl
738,739,Marcelina,Markowska,female,782689531,Markowska.Marcelina@gmail.com
739,740,Anita,Dudzik,female,728309922,Anita7645@o2.pl
740,741,Daniel,Zalewski,male,451734122,Zalewski3711@interia.pl
741,742,Bartłomiej,Bednarczyk,male,696537477,Bednarczyk.Bar@gmail.com
742,743,Laura,Szychowska,female,537736832,Szychowska.Laura@o2.pl
743,744,Amelia,Czyżewska,female,516425565,Czyzewska4872@o2.pl
744,745,Lidia,Kopik,female,538653204,LidiaKopik@gmail.com
745,746,Miliana,Kolak,female,572470192,Kolak8607@interia.pl
746,747,Orest,Drużyński,male,735938142,Druzynski.Or@gmail.com
747,748,Filip,Pawelec,male,698236656,Pawelec.Fil@wp.pl
748,749,Jakub,Popliński,male,693554403,Jakub.Popl@gmail.com
749,750,Kacper,Berezowski,male,504184526,Kacper.Ber@onet.pl
750,751,Mikołaj,Anderwald,male,601285926,Mikolaj.Anderwald@o2.pl
751,752,Zofia,Szeliga,female,534241073,Zofia.Sze@wp.pl
752,753,Karol,Marcinkowski,male,515752287,Karol.Marcinkowski@o2.pl
753,754,Nikodem,Wojtaszyk,male,534973929,Nikodem.Wojtaszyk@gmail.com
754,755,Leon,Litwin,male,506679298,Leon1509@gmail.com
755,756,Weronika,Pańczak,female,667100491,Panczak.We@wp.pl
756,757,Krzysztof,Kwoka,male,738996792,Krzysztof.Kwok@wp.pl
757,758,Eryk,Frątczak,male,531669229,Eryk.Fratczak@wp.pl
758,759,Julia,Potrzebska,female,788955752,JuliaPotrzebska@onet.pl
759,760,Laura,Trawińska,female,787278047,Laura.Tra@gmail.com
760,761,Amelia,Niedziołko,female,725505431,Amelia.Nie@wp.pl
761,762,Maksymilian,Bohdanowicz,male,695835353,Maksymilian.Boh@onet.pl
762,763,Mia,Serafin,female,887801223,Serafin1626@gmail.com
763,764,Mila,Leszczyna,female,697385730,MilaLeszczyna@onet.pl
764,765,Aleksander,Borowiak,male,694635687,Borowiak7689@o2.pl
765,766,Maksym,Bielecki,male,782616568,BieleckiMaksym@wp.pl
766,767,Ignacy,Strzelecki,male,512503924,Ignacy.Str@wp.pl
767,768,Filip,Dzwonnik,male,798764245,FilipDzwonnik@wp.pl
768,769,Jakub,Dądela,male,507514458,Dadela.Jakub@o2.pl
769,770,Michał,Możdżonek,male,537427758,Michal.Mozdzonek@gmail.com
770,771,Emilia,Fischer,female,694685373,Fischer7052@wp.pl
771,772,Rozalia,Bobowska,female,734814378,Rozalia4811@gmail.com
772,773,Ignacy,Adamiec,male,664583765,Adamiec9834@interia.pl
773,774,Witold,Kasprzak,male,787632569,KasprzakWitold@gmail.com
774,775,Oliwia,Kubicka,female,732902400,KubickaOliwia@gmail.com
775,776,Matvei,Szełemej,male,785085120,Szelemej.Mat@gmail.com
776,777,Łucja,Kutera,female,605914549,Kutera.Lu@o2.pl
777,778,Kalina,Grzędzińska,female,725350484,Grzedzinska.Kali@o2.pl
778,779,Filip,Jasiński,male,724107432,Jasinski.Fil@onet.pl
779,780,Nikodem,Krzyszczuk,male,517377887,NikodemKrzyszczuk@gmail.com
780,781,Wiktor,Schmalenberg,male,504468189,Wiktor840@gmail.com
781,782,Oliwier,Pływacz,male,727791329,OliwierPlywacz@gmail.com
782,783,Wiktor,Pełka,male,533209424,Wiktor5681@wp.pl
783,784,Henryk,Tulecki,male,513187932,Henryk5672@gmail.com
784,785,Marcin,Modzelewski,male,666786586,Modzelewski4662@wp.pl
785,786,Dawid,Zarzycki,male,537152022,Dawid5623@gmail.com
786,787,Wojciech,Rozmysłowski,male,501731457,Rozmyslowski.Wojciech@wp.pl
787,788,Jan,Łata,male,578450236,Lata.Jan@wp.pl
788,789,Piotr,Najwer,male,573626499,PiotrNajwer@gmail.com
789,790,Oliwia,Wichert,female,796364529,OliwiaWichert@gmail.com
790,791,Maja,Kret,female,508938991,MajaKret@gmail.com
791,792,Ignacy,Szymla,male,721350309,Szymla.Ignacy@onet.pl
792,793,Natalia,Gruszka,female,514904521,Gruszka.Natalia@gmail.com
793,794,Julia,Gurgul,female,885599609,Gurgul.Ju@gmail.com
794,795,Alicja,Góra,female,507875785,Gora.Alicja@onet.pl
795,796,Adam,Różana,male,732592587,Rozana.Ad@wp.pl
796,797,Emilia,Krysa,female,507177084,Krysa.Emilia@o2.pl
797,798,Cezary,Podobiński,male,721265353,Podobinski.Ceza@wp.pl
798,799,Antoni,Kukla,male,503764067,Kukla.An@gmail.com
799,800,Rufina,Kania,female,695151087,Kania.Rufina@o2.pl
800,801,Hanna,Sawicka,female,571785127,SawickaHanna@onet.pl
801,802,Zuzanna,Maćkowiak,female,572388515,Zuzanna.Mac@onet.pl
802,803,Aniela,Fit,female,731496216,Aniela8012@wp.pl
803,804,Ignacy,Simchuk,male,782089752,SimchukIgnacy@wp.pl
804,805,Florian,Woźniak,male,781835174,FlorianWozniak@wp.pl
805,806,Iga,Lipska,female,735737376,Lipska.Iga@interia.pl
806,807,Natalia,Nowosińska,female,693631037,NataliaNowosinska@gmail.com
807,808,Jagoda,Janek,female,721377712,Janek5770@gmail.com
808,809,Marianna,Kowalska,female,888737037,MariannaKowalska@gmail.com
809,810,Mikołaj,Śliwiński,male,781661795,Sliwinski.Mikolaj@o2.pl
810,811,Marcelina,Nowaczyk,female,721090225,NowaczykMarcelina@gmail.com
811,812,Maksymilian,Panek,male,578454255,Panek4130@gmail.com
812,813,Julia,Kucharska,female,724696702,KucharskaJulia@gmail.com
813,814,Paulina,Łućko,female,883239082,Paulina.Luc@wp.pl
814,815,Oliwia,Lewandowska,female,504542474,Oliwia.Lew@o2.pl
815,816,Róża,Orlikowska,female,607943141,Roza4248@onet.pl
816,817,Nikodem,Brahmbhatt,male,604327738,Nikodem.Brahmbhatt@interia.pl
817,818,Maria,Tobolska,female,781994271,MariaTobolska@onet.pl
818,819,Weronika,Moczydłowska,female,608004672,MoczydlowskaWeronika@gmail.com
819,820,Zoja,Krawczyk,female,791278818,Krawczyk.Zoja@wp.pl
820,821,Hanna,Hyży,female,458819484,Hanna.Hyz@onet.pl
821,822,Nadia,Dzieciuchowicz,female,691968849,Dzieciuchowicz.Na@wp.pl
822,823,Łukasz,Baczyński,male,536356966,Lukasz.Bac@o2.pl
823,824,Grzegorz,Czubik,male,573824381,CzubikGrzegorz@gmail.com
824,825,Paweł,Placzyński,male,512334952,PlaczynskiPawel@wp.pl
825,826,Mia,Kostrzewa,female,665861785,Mia5914@gmail.com
826,827,Laura,Baryła,female,602229712,LauraBaryla@onet.pl
827,828,Ines,Grygorczuk,female,731555424,Ines9172@wp.pl
828,829,Klara,Ragiel,female,797959967,Klara.Rag@gmail.com
829,830,Tymoteusz,Garboliński,male,533575525,Garbolinski.Tymoteusz@onet.pl
830,831,Krzysztof,Gawliczek,male,698408426,Gawliczek.Krzysztof@onet.pl
831,832,Roksana,Golba,female,457328462,Roksana9182@o2.pl
832,833,Aleksander,Sykurski,male,887671789,Aleksander.Sykurski@wp.pl
833,834,Mikołaj,Łungowski,male,722585342,Lungowski4692@gmail.com
834,835,Stanisław,Kołodziejczyk,male,535537205,Stanislaw.Kolo@gmail.com
835,836,Wojciech,Strzępka,male,606132229,StrzepkaWojciech@onet.pl
836,837,Aleksander,Ignasiak,male,533288784,IgnasiakAleksander@onet.pl
837,838,Iga,Nowakowska,female,534832643,Iga1645@wp.pl
838,839,Zofia,Walczak,female,515069326,Zofia1655@wp.pl
839,840,Kornelia,Łatanik,female,607403068,Kornelia.Lata@gmail.com
840,841,Julia,Kisiel,female,784100885,KisielJulia@wp.pl
841,842,Kordian,Żmudziński,male,602306768,Kordian.Zmudzinski@wp.pl
842,843,Maksymilian,Kwiatkowski,male,661816876,MaksymilianKwiatkowski@wp.pl
843,844,Nikodem,Głuchowski,male,784209680,GluchowskiNikodem@wp.pl
844,845,Kamil,Mrowiec,male,578086169,KamilMrowiec@onet.pl
845,846,Wiktoria,Wiaderek,female,514077132,WiktoriaWiaderek@onet.pl
846,847,Pola,Stenka,female,577269358,Pola.Ste@wp.pl
847,848,Wiktor,Kushneryk,male,724227088,Wiktor.Kushneryk@wp.pl
848,849,Wiktoria,Strelbitska,female,668720437,Strelbitska.Wiktoria@gmail.com
849,850,Paulina,Szot,female,514794426,PaulinaSzot@gmail.com
850,851,Laura,Długa,female,728040053,Dluga.Laura@onet.pl
851,852,Weronika,Paul,female,511921106,Paul.Weronika@onet.pl
852,853,Mikołaj,Bajerski,male,602282840,Mikolaj.Baj@gmail.com
853,854,Tymon,Podolski,male,722508803,Tymon7002@gmail.com
854,855,Ludwika,Glenc,female,781974094,GlencLudwika@gmail.com
855,856,Bruno,Olas,male,727559991,Bruno.Olas@interia.pl
856,857,Kostiantyn,Mania,male,732692538,Mania.Kost@onet.pl
857,858,Paulina,Wdowczyk,female,664672297,Wdowczyk.Paulina@o2.pl
858,859,Szymon,Gerla,male,796667753,Szymon.Ger@gmail.com
859,860,Antoni,Pacek,male,664457448,PacekAntoni@gmail.com
860,861,Laura,Martseniuk,female,883105190,LauraMartseniuk@interia.pl
861,862,Henryk,Jacyniuk,male,571330770,Henryk.Jacyniuk@o2.pl
862,863,Sebastian,Mocek,male,736922574,Sebastian9802@gmail.com
863,864,Szymon,Sulikowski,male,886310144,Sulikowski.Sz@gmail.com
864,865,Łucja,Bazelczuk,female,793538677,Lucja.Baze@o2.pl
865,866,Marcel,Chaber,male,454184433,MarcelChaber@gmail.com
866,867,Zuzanna,Manik,female,575482407,Manik.Zu@onet.pl
867,868,Aleksander,Bujanowski,male,604939033,Aleksander.Bujanowski@wp.pl
868,869,Emilia,Mańka,female,504006516,Manka3483@wp.pl
869,870,Jan,Paściak,male,607969400,Pasciak.Jan@o2.pl
870,871,Łukasz,Sobczak,male,737119776,Lukasz2239@onet.pl
871,872,Antoni,Łukasik,male,783353983,Antoni7978@onet.pl
872,873,Filip,Mizgała,male,516420772,Filip439@wp.pl
873,874,Maja,Urbańczyk,female,513168072,Urbanczyk.Maja@wp.pl
874,875,Aleksander,Dyczko,male,505349723,Aleksander.Dyczko@interia.pl
875,876,Oliwia,Trzaskowska,female,664280369,Trzaskowska.Oliwia@gmail.com
876,877,Olivier,Filip,male,516363439,Filip.Olivier@wp.pl
877,878,Jagoda,Wendland,female,726969670,JagodaWendland@o2.pl
878,879,Alan,Demeńczuk,male,667935513,Alan2257@gmail.com
879,880,Emilian,Brzozowski,male,602853207,BrzozowskiEmilian@onet.pl
880,881,Anastasia,Szewczyk,female,535325653,AnastasiaSzewczyk@gmail.com
881,882,Klara,Żurek,female,531455325,ZurekKlara@gmail.com
882,883,Natalia,Kozłowska,female,723065081,Kozlowska.Nata@wp.pl
883,884,Marcelina,Kwiatkowska,female,532709208,Marcelina.Kwiatkowska@gmail.com
884,885,Urszula,Wiśniewska,female,452436165,Urszula.Wisniewska@wp.pl
885,886,Blanka,Maciak,female,574873879,BlankaMaciak@gmail.com
886,887,Wiktoria,Dziadkiewicz,female,694823120,Wiktoria.Dziadkiewicz@gmail.com
887,888,Mateusz,Przeździecki,male,458261250,Mateusz.Przezdziecki@gmail.com
888,889,Milena,Bilska,female,796474274,BilskaMilena@wp.pl
889,890,Aurora,Syktus,female,667963442,Aurora3659@gmail.com
890,891,Julia,Frąszczak,female,512762235,FraszczakJulia@onet.pl
891,892,Hanna,Bator,female,575918947,Bator.Hanna@gmail.com
892,893,Marcel,Palkowski,male,513280201,Marcel.Palkowski@onet.pl
893,894,Zuzanna,Nerc,female,887313705,Zuzanna.Nerc@onet.pl
894,895,Anna,Lula,female,504867059,LulaAnna@interia.pl
895,896,Ksawier,Shevchuk,male,456777234,KsawierShevchuk@gmail.com
896,897,Adrian,Jurgielewicz,male,668750966,Jurgielewicz.Adrian@wp.pl
897,898,Antoni,Kurasik,male,453420316,KurasikAntoni@onet.pl
898,899,Kacper,Skowron,male,458144876,Kacper6724@onet.pl
899,900,Mia,Kramarz,female,695321985,Kramarz.Mia@gmail.com
900,901,Lilianna,Żukowska,female,795329040,Lilianna.Zukowska@onet.pl
901,902,Nikodem,Borys,male,502782932,Nikodem4971@o2.pl
902,903,Amelia,Palian,female,737619680,PalianAmelia@interia.pl
903,904,Antoni,Franczuk,male,782050316,Franczuk.An@gmail.com
904,905,Lena,Motyka,female,693002323,Lena.Moty@gmail.com
905,906,Zuzanna,Hryniewicz,female,608878593,Hryniewicz.Zuza@onet.pl
906,907,Oliwier,Białowąs,male,725549455,Bialowas.Oliwier@gmail.com
907,908,Anastazja,Kustra,female,577249741,Anastazja.Kustra@onet.pl
908,909,Iga,Procek,female,573732669,Iga.Procek@gmail.com
909,910,Helena,Trzpis,female,605944543,Trzpis.He@gmail.com
910,911,Franciszek,Adamczak,male,513941078,Franciszek.Adamczak@gmail.com
911,912,Oliwia,Jędrzejak,female,691805851,Oliwia.Jedr@wp.pl
912,913,Aleksander,Zapotichnyi,male,536011537,Aleksander.Zap@o2.pl
913,914,Matvii,Swędrzyński,male,537797973,SwedrzynskiMatvii@wp.pl
914,915,Ignacy,Bocheński,male,508278221,Bochenski230@wp.pl
915,916,Magda,Domańska,female,608845340,Domanska8213@gmail.com
916,917,Laura,Trześniewska,female,692667013,Laura.Trzesniewska@onet.pl
917,918,Aleksander,Vintoniak,male,736599477,Aleksander1757@wp.pl
918,919,Julia,Iskra,female,516149111,Julia.Iskr@o2.pl
919,920,Hanna,Łukowska,female,698487593,Hanna4655@o2.pl
920,921,Alan,Maśko,male,577568986,Masko.Alan@wp.pl
921,922,Jakub,Czarnowski,male,698182196,Czarnowski3127@wp.pl
922,923,Wojciech,Cempel,male,516777669,Wojciech7029@o2.pl
923,924,Ada,Kowalczuk,female,797944947,Ada.Kowalczuk@onet.pl
924,925,Tymon,Duell,male,734043379,Duell6393@interia.pl
925,926,Amelia,Kowalkowska,female,538839812,Kowalkowska9896@gmail.com
926,927,Zofia,Cieplińska,female,691239085,Cieplinska5339@wp.pl
927,928,Barbara,Pietrasik,female,605527631,PietrasikBarbara@gmail.com
928,929,Stanisław,Nitsche,male,661008778,StanislawNitsche@o2.pl
929,930,Mikołaj,Kozakiewicz,male,518699747,Mikolaj.Kozakiewicz@wp.pl
930,931,Kornelia,Skurczyńska,female,697830231,Kornelia.Sku@onet.pl
931,932,Tadeusz,Tynecki,male,603281500,Tadeusz7921@onet.pl
932,933,Aleksander,Dąbkowski,male,696596244,Dabkowski6064@gmail.com
933,934,Milena,Królikowska,female,785982195,Krolikowska8689@gmail.com
934,935,Filip,Baka,male,692156723,Baka.Filip@gmail.com
935,936,Zofia,Fajkowska,female,788899457,ZofiaFajkowska@gmail.com
936,937,Jakub,Burkot,male,535850058,JakubBurkot@o2.pl
937,938,Anastazja,Szewczyk,female,735294868,Szewczyk.Anastazja@gmail.com
938,939,Milena,Nieć,female,578765994,MilenaNiec@interia.pl
939,940,Mikołaj,Maternowski,male,691134899,Maternowski5203@gmail.com
940,941,Nikodem,Ciszewski,male,452099107,Nikodem.Ciszewski@interia.pl
941,942,Nikola,Cygan,female,601313145,Nikola.Cyga@onet.pl
942,943,Maksymilian,Laskowski,male,456823399,Maksymilian6901@interia.pl
943,944,Ida,Bolda,female,691395306,Bolda.Ida@wp.pl
944,945,Iga,Walkowicz,female,535679069,Iga.Wal@onet.pl
945,946,Kajetan,Mrowiec,male,881904547,Mrowiec.Kajetan@wp.pl
946,947,Laura,Kułakowska,female,578610654,Kulakowska.Laura@o2.pl
947,948,Alicja,Chmielowiec,female,514955911,Chmielowiec.Alicja@gmail.com
948,949,Agata,Reshetova,female,734903475,ReshetovaAgata@onet.pl
949,950,Hanna,Grzywa,female,884414798,Hanna5675@gmail.com
950,951,Adam,Lesyk,male,887527767,AdamLesyk@o2.pl
951,952,Anna,Jaruszowicz,female,783763686,Jaruszowicz.Anna@wp.pl
952,953,Oliwia,Wysocka,female,458946151,Wysocka.Oliwia@gmail.com
953,954,Władysław,Majsterek,male,606131486,Majsterek5203@wp.pl
954,955,Wiktoria,Szymańska,female,505890947,Szymanska.Wiktoria@gmail.com
955,956,Hanna,Filipowicz,female,506946149,HannaFilipowicz@onet.pl
956,957,Oliwia,Tarnowska,female,726046246,Oliwia.Tarnowska@gmail.com
957,958,Emil,Półchłopek,male,785090323,Emil.Pol@gmail.com
958,959,Kacper,Klabecki,male,573575336,Klabecki3775@gmail.com
959,960,Adam,Szafka,male,728535156,Adam1699@wp.pl
960,961,Julian,Nawrot,male,576873838,Julian5369@wp.pl
961,962,Ignacy,Klapkowski,male,721398637,Ignacy3307@wp.pl
962,963,Oskar,Karpiński,male,787955994,KarpinskiOskar@interia.pl
963,964,Dawid,Deoniziak,male,514737795,DawidDeoniziak@onet.pl
964,965,Aniela,Zaradniak,female,576309725,Aniela.Zaradniak@wp.pl
965,966,Martin,Pietrzak,male,738243567,Pietrzak.Martin@wp.pl
966,967,Oliwia,Osetek,female,454109496,Oliwia.Osetek@gmail.com
967,968,Liam,Woźnica,male,532616150,Woznica.Liam@gmail.com
968,969,Blanka,Ostrowska,female,576314278,BlankaOstrowska@onet.pl
969,970,Jagoda,Bigda,female,795843677,BigdaJagoda@gmail.com
970,971,Tadeusz,Wysocki,male,538622155,Tadeusz.Wyso@interia.pl
971,972,Leon,Długokęcki,male,575669960,Dlugokecki.Leon@o2.pl
972,973,Liwia,Samek,female,668003329,Liwia.Sam@interia.pl
973,974,Mikołaj,Krzewski,male,575743299,Mikolaj.Krze@gmail.com
974,975,Oliwia,Nowakowska,female,881201071,Oliwia8902@gmail.com
975,976,Szymon,Maciejewski,male,665773221,Maciejewski.Szymon@onet.pl
976,977,Damian,Bulak,male,883356861,Damian.Bula@gmail.com
977,978,Krzysztof,Kudłacik,male,782785765,Kudlacik.Krzysztof@gmail.com
978,979,Dawid,Stankowski,male,537076523,Dawid.Stankowski@gmail.com
979,980,Wojciech,Błaszczyk,male,455791510,Blaszczyk1432@gmail.com
980,981,Franciszek,Twarowski,male,454753360,Franciszek3106@gmail.com
981,982,Jan,Przybylski,male,793685524,Jan.Przybylski@interia.pl
982,983,Sebastian,Wilczyński,male,608571102,Sebastian2059@wp.pl
983,984,Bibianna,Bogusz,female,787417249,Bogusz.Bi@gmail.com
984,985,Aleksander,Michalewicz,male,578969339,Michalewicz.Aleksander@gmail.com
985,986,Marcel,Niścior,male,698243291,Niscior6742@gmail.com
986,987,Hanna,Kosiba,female,726299912,Kosiba.Hanna@gmail.com
987,988,Kajetan,Jankowski,male,513276110,JankowskiKajetan@wp.pl
988,989,Helena,Zaczkowska,female,506884787,Helena4727@onet.pl
989,990,Sara,Skałecka,female,737147637,Sara.Skal@gmail.com
990,991,Nikodem,Dranikowski,male,798650067,Nikodem.Dran@interia.pl
991,992,Fabian,Breza,male,518456871,BrezaFabian@o2.pl
992,993,Matylda,Czubat,female,782075796,Czubat.Ma@gmail.com
993,994,Amelia,Szymkowska,female,695286075,Amelia.Szymkowska@onet.pl
994,995,Michał,Kudliński,male,571929279,Michal3848@interia.pl
995,996,Helena,Socha,female,692537170,Helena.Socha@wp.pl
996,997,Józef,Chojnacki,male,736654377,Chojnacki.Jozef@gmail.com
997,998,Gabriela,Szperlik,female,604045923,SzperlikGabriela@onet.pl
998,999,Julian,Brînza,male,698085739,Brinza.Julian@gmail.com
999,1000,Bartosz,Abel,male,785544423,Abel.Bartosz@gmail.com
1000,1001,Zuzanna,Zgondek,female,731554967,Zuzanna.Zgondek@onet.pl
1001,1002,Ignacy,Mrozowski,male,507783926,Ignacy353@interia.pl
1002,1003,Martyna,Lisiecka,female,454731685,MartynaLisiecka@wp.pl
1003,1004,Alicja,Okrój,female,608841710,Okroj4440@wp.pl
1004,1005,Sofia,Skonieczna,female,691097889,Skonieczna9036@o2.pl
1005,1006,Oliwier,Bogdański,male,574914823,Oliwier7001@gmail.com
1006,1007,Amelia,Michaluk,female,578806497,Michaluk7682@interia.pl
1007,1008,Nadia,Markiewicz,female,787175591,Markiewicz.Nadia@onet.pl
1008,1009,Emilia,Bartoszewska,female,518255672,Emilia2933@wp.pl
1009,1010,Lena,Korczak,female,694736379,Lena.Korc@gmail.com
1010,1011,Hanna,Olchawa,female,571064962,Hanna.Olch@gmail.com
1011,1012,Jaśmina,Polska,female,517714069,Jasmina.Polska@wp.pl
1012,1013,Bartłomiej,Pierniak,male,602422187,Bartlomiej.Pierniak@gmail.com
1013,1014,Sara,Mażewska,female,608437494,Sara.Mazewska@gmail.com
1014,1015,Amelia,Gil,female,884374628,Gil.Am@gmail.com
1015,1016,Cezary,Kowalski,male,731801402,Cezary4368@wp.pl
1016,1017,Daria,Szewczyk,female,507559610,Daria4087@gmail.com
1017,1018,Mia,Chmielewska,female,504119542,Chmielewska.Mia@gmail.com
1018,1019,Franciszek,Woźniak,male,782364895,WozniakFranciszek@onet.pl
1019,1020,Ignacy,Gałązka,male,786929576,IgnacyGalazka@wp.pl
1020,1021,Emilia,Rossa,female,516873261,EmiliaRossa@wp.pl
1021,1022,Maja,Chłus,female,453472977,Maja6849@gmail.com
1022,1023,Zofia,Pękala,female,884745311,Pekala.Zofia@wp.pl
1023,1024,Nikodem,Jędrzejewski,male,723325001,Nikodem9123@gmail.com
1024,1025,Oskar,Boiko,male,886679263,Boiko1088@o2.pl
1025,1026,Emilia,Markiewicz,female,605703450,Markiewicz2899@o2.pl
1026,1027,Amelia,Urban,female,791987681,Urban5320@gmail.com
1027,1028,Antoni,Korżyński,male,793879614,AntoniKorzynski@wp.pl
1028,1029,Witold,Gutowski,male,504275671,Witold4917@onet.pl
1029,1030,Emilia,Gubała,female,697522205,Gubala.Emi@wp.pl
1030,1031,Jakub,Zbroja,male,791198464,Zbroja745@gmail.com
1031,1032,Adam,Karczmarczyk,male,577944919,AdamKarczmarczyk@wp.pl
1032,1033,Hanna,Śliwińska,female,726697193,HannaSliwinska@gmail.com
1033,1034,Kacper,Żywot,male,454410152,ZywotKacper@interia.pl
1034,1035,Mieszko,Murawski,male,887100169,Murawski4944@gmail.com
1035,1036,Zofia,Bajor,female,726573657,Zofia.Bajor@o2.pl
1036,1037,Jagoda,Lesik,female,786481354,Lesik.Jago@gmail.com
1037,1038,Gabriela,Łuczak,female,724987312,LuczakGabriela@gmail.com
1038,1039,Kornelia,Stiller,female,665575579,Kornelia.Stil@o2.pl
1039,1040,Oliwier,Łapiński,male,787076965,Lapinski4673@o2.pl
1040,1041,Emil,Manowski,male,664915315,Manowski.Emil@gmail.com
1041,1042,Mateusz,Kuna,male,737803113,Mateusz.Kun@gmail.com
1042,1043,Barbara,Mianowska,female,663787466,Barbara.Mianowska@gmail.com
1043,1044,Lena,Jankiewicz,female,692301463,Jankiewicz.Len@o2.pl
1044,1045,Alicja,Borowik,female,696906559,AlicjaBorowik@o2.pl
1045,1046,Nikodem,Malaca,male,794629361,Nikodem6792@o2.pl
1046,1047,Hubert,Pikhotskyi,male,457410758,Pikhotskyi.Hubert@wp.pl
1047,1048,Mark,Ostrycharz,male,457826260,MarkOstrycharz@gmail.com
1048,1049,Victoria,Jarema,female,577204197,Victoria.Jare@wp.pl
1049,1050,Oskar,Stojek,male,517155960,OskarStojek@wp.pl
1050,1051,Eryk,Paluch,male,736956778,Eryk.Paluch@interia.pl
1051,1052,Oliwier,Laszuk,male,458004895,OliwierLaszuk@o2.pl
1052,1053,Mateo,Miśków,male,668897982,Miskow.Mateo@o2.pl
1053,1054,Laura,Kasprzyk,female,515757776,KasprzykLaura@onet.pl
1054,1055,Wojciech,Gronau,male,453539407,Gronau.Wojciech@interia.pl
1055,1056,Mikołaj,Krasoń,male,607633939,Krason.Mi@gmail.com
1056,1057,Natalia,Budzisz,female,601676207,Budzisz.Natalia@gmail.com
1057,1058,Timur,Kowalczyk,male,454914083,KowalczykTimur@wp.pl
1058,1059,Jan,Tuziak,male,882817329,Tuziak.Jan@wp.pl
1059,1060,Alicja,Rożdżyńska,female,886809004,Alicja5181@gmail.com
1060,1061,Kazimierz,Nawrocki,male,605584759,KazimierzNawrocki@onet.pl
1061,1062,Helena,Krupa,female,513461831,KrupaHelena@gmail.com
1062,1063,Antoni,Knapczyński,male,696151971,Knapczynski.An@gmail.com
1063,1064,Franciszek,Siekiera,male,732794446,Siekiera4615@wp.pl
1064,1065,Iga,Januszkiewicz,female,792119432,JanuszkiewiczIga@gmail.com
1065,1066,Amelia,Michałowska,female,782388638,Michalowska1279@gmail.com
1066,1067,Dominik,Kamiński,male,663327689,Kaminski.Do@interia.pl
1067,1068,Michalina,Witkowska,female,784402989,Witkowska.Mi@gmail.com
1068,1069,Hanna,Androsz,female,661023697,Hanna.And@gmail.com
1069,1070,Elżbieta,Rążewska,female,786619422,Razewska3966@onet.pl
1070,1071,Kilian,Pisarek,male,885264497,Pisarek.Kilian@o2.pl
1071,1072,Liliana,Kopeć,female,784565954,LilianaKopec@onet.pl
1072,1073,Michalina,Konieczka,female,883793450,Michalina.Konieczka@wp.pl
1073,1074,Barbara,Szalska,female,667264764,Barbara3525@gmail.com
1074,1075,Miłosz,Yanchuk,male,785959385,YanchukMilosz@wp.pl
1075,1076,Antoni,Kowalski,male,668546156,Antoni.Kowalski@wp.pl
1076,1077,Helena,Fabisiak,female,538581166,FabisiakHelena@wp.pl
1077,1078,Krzysztof,Żywczyński,male,796342385,Krzysztof.Zyw@onet.pl
1078,1079,Amelia,Lasek,female,531741212,Lasek1712@gmail.com
1079,1080,Mikołaj,Banaś,male,781482794,Banas.Mikolaj@o2.pl
1080,1081,Tadeusz,Stasiak,male,885843273,Stasiak.Tade@wp.pl
1081,1082,Amelia,Dąbrowska,female,452814394,Dabrowska.Ame@gmail.com
1082,1083,Jeremiasz,Nadolny,male,455631243,NadolnyJeremiasz@wp.pl
1083,1084,Emilia,Borodeńko,female,797972757,Borodenko.Em@onet.pl
1084,1085,Ignacy,Falkowski,male,727608777,Ignacy.Falkowski@gmail.com
1085,1086,Marcelina,Moszyńska,female,538578665,Moszynska.Marcelina@gmail.com
1086,1087,Piotr,Przekwas,male,883873740,PiotrPrzekwas@o2.pl
1087,1088,Henryk,Lehwark,male,533048476,Henryk.Lehw@gmail.com
1088,1089,Leon,Gac,male,788392500,Gac.Leon@onet.pl
1089,1090,Oliwia,Mielewczyk,female,458727297,Mielewczyk7049@gmail.com
1090,1091,Michalina,Mojsak,female,794605041,Michalina4749@interia.pl
1091,1092,Gabriel,Siwek,male,721605035,Gabriel1316@wp.pl
1092,1093,Kornel,Lukoszek,male,785786158,Kornel8137@interia.pl
1093,1094,Rita,Grochowska,female,533930145,Grochowska.Rita@interia.pl
1094,1095,Nikodem,Nowak,male,502369800,Nikodem.Nowak@wp.pl
1095,1096,Franciszek,Kubacki,male,577879369,Franciszek316@interia.pl
1096,1097,Klara,Ciemniewska,female,504962478,Klara.Ciem@o2.pl
1097,1098,Damian,Tadla,male,667786854,Tadla9109@onet.pl
1098,1099,Oliwia,Faliszek,female,534349373,FaliszekOliwia@wp.pl
1099,1100,Oskar,Sobota,male,698133481,SobotaOskar@o2.pl
1100,1101,Matylda,Łukaszewicz,female,514159180,Lukaszewicz1589@interia.pl
1101,1102,Zofia,Drzewiecka,female,722596124,ZofiaDrzewiecka@gmail.com
1102,1103,Antonina,Zandecka,female,738061479,Zandecka1262@wp.pl
1103,1104,Helena,Wysokowska,female,734118478,Wysokowska.Hel@interia.pl
1104,1105,Filip,Konopko,male,536352928,FilipKonopko@wp.pl
1105,1106,Eryk,Ziok,male,735173549,Ziok8695@gmail.com
1106,1107,Iga,Wiciel,female,503369531,Iga914@wp.pl
1107,1108,Oliwier,Lukianets,male,734006627,Lukianets7620@gmail.com
1108,1109,Zoja,Stanula,female,605938439,Zoja923@gmail.com
1109,1110,Alicja,Kuźma,female,665002399,Alicja7124@wp.pl
1110,1111,Iga,Grodzka,female,667888642,IgaGrodzka@interia.pl
1111,1112,Bruno,Tobys,male,506440038,Bruno.Tob@student.pwr.edu.pl
1112,1113,Pola,Obłój,female,667925629,Pola705@wp.pl
1113,1114,Wanda,Masiarek,female,738039190,Wanda.Masiarek@wp.pl
1114,1115,Jakub,Frączyk,male,882180308,Jakub.Fra@o2.pl
1115,1116,Helena,Bumbul,female,732037728,Helena9378@gmail.com
1116,1117,Oliwier,Kołodziejski,male,798238802,KolodziejskiOliwier@gmail.com
1117,1118,Wiktor,Bysiak,male,457802491,Bysiak8778@wp.pl
1118,1119,Adrian,Turski,male,722290328,Turski.Adrian@onet.pl
1119,1120,Stefania,Kopeć,female,511768242,Stefania.Kop@wp.pl
1120,1121,Maksymilian,Nowak,male,738734035,MaksymilianNowak@interia.pl
1121,1122,Jakub,Radziszewski,male,531815892,RadziszewskiJakub@gmail.com
1122,1123,Nikodem,Kujawa,male,538880836,NikodemKujawa@o2.pl
1123,1124,Dariusz,Fuja,male,736846352,Dariusz.Fuj@wp.pl
1124,1125,Zuzanna,Janicka,female,732089120,JanickaZuzanna@gmail.com
1125,1126,Hanna,Kępińska,female,572977023,HannaKepinska@wp.pl
1126,1127,Błażej,Zabłotny,male,791197475,Zablotny.Blazej@wp.pl
1127,1128,Maciej,Wegner,male,798286109,Wegner.Ma@o2.pl
1128,1129,Julia,Wiśniewska,female,796105080,Julia.Wisniewska@gmail.com
1129,1130,Zoya,Dwojak,female,694172082,Dwojak.Zoya@gmail.com
1130,1131,Adrianna,Jankowska,female,511282511,Adrianna.Jankowska@onet.pl
1131,1132,Iga,Sólnica,female,663503481,Solnica.Iga@wp.pl
1132,1133,Max,Savchenko,male,572949224,Savchenko.Max@onet.pl
1133,1134,Wiktoria,Plichta,female,726606888,Wiktoria.Plichta@gmail.com
1134,1135,Leon,Kołodziej,male,667597562,Leon.Kolodziej@onet.pl
1135,1136,Maksymilian,Kurzyński,male,452047956,Kurzynski.Maks@gmail.com
1136,1137,Julian,Lisiecki,male,785393602,JulianLisiecki@gmail.com
1137,1138,Hanna,Janus,female,738833660,HannaJanus@onet.pl
1138,1139,Nikola,Janiszewska,female,661905468,Janiszewska.Nikola@wp.pl
1139,1140,Igor,Kravets,male,452357444,IgorKravets@wp.pl
1140,1141,Cezary,Weber,male,731597571,Cezary7188@o2.pl
1141,1142,Mikołaj,Blumberg,male,727371418,Mikolaj.Blumberg@wp.pl
1142,1143,Emilia,Skóra,female,691592131,Emilia.Skora@wp.pl
1143,1144,Stella,Kaczmarska,female,454122744,Stella8778@gmail.com
1144,1145,Jan,Miłosek,male,785287469,Jan4029@wp.pl
1145,1146,Lilianna,Kowalczyk,female,604608944,Kowalczyk.Lilianna@gmail.com
1146,1147,Oskar,Kucharzyk,male,693142757,Oskar7295@wp.pl
1147,1148,Diana,Lorkowska,female,513342853,DianaLorkowska@gmail.com
1148,1149,Nikola,Kaczorowska,female,532105558,Kaczorowska.Nik@gmail.com
1149,1150,Antonina,Zdebska,female,576396699,Antonina.Zdeb@gmail.com
1150,1151,Alicja,Przybyła,female,693664588,Przybyla.Alicja@gmail.com
1151,1152,Julia,Łukaszewicz,female,606692056,Julia8212@onet.pl
1152,1153,Elżbieta,Scheffs,female,883680471,Elzbieta9117@wp.pl
1153,1154,Nela,Profic,female,518072675,Nela.Profic@interia.pl
1154,1155,Damir,Kulwicki,male,735997237,Kulwicki.Dam@gmail.com
1155,1156,Amina,Wielądek,female,881951989,Wieladek8241@wp.pl
1156,1157,Anna,Kaszowska,female,666941389,AnnaKaszowska@wp.pl
1157,1158,Natalia,Witkowska,female,883703540,WitkowskaNatalia@gmail.com
1158,1159,Aleksander,Filo,male,511089067,Filo.Aleksander@o2.pl
1159,1160,Antonina,Pępiak,female,783582849,Antonina.Pep@wp.pl
1160,1161,Piotr,Wolnicki,male,697325124,PiotrWolnicki@onet.pl
1161,1162,Łukasz,Przebinda,male,794097630,PrzebindaLukasz@wp.pl
1162,1163,Tymon,Małagowski,male,798282243,Malagowski.Ty@interia.pl
1163,1164,Dominika,Patyjewicz,female,885631175,PatyjewiczDominika@wp.pl
1164,1165,Jakub,Roszczyk,male,577759445,Roszczyk.Jak@wp.pl
1165,1166,Liliana,Zawadzka,female,457438616,Liliana.Zawadzka@interia.pl
1166,1167,Marcelina,Gaj,female,791959729,GajMarcelina@gmail.com
1167,1168,Zuzanna,Kurowska,female,782459871,Kurowska.Zuz@gmail.com
1168,1169,Nikol,Kozłowska,female,882639810,KozlowskaNikol@wp.pl
1169,1170,Jagoda,Kaniewska,female,886441770,Jagoda7068@gmail.com
1170,1171,Solomia,Sasin,female,608918521,Solomia.Sasi@interia.pl
1171,1172,Alan,Małecki,male,734944680,Alan8145@onet.pl
1172,1173,Aleksander,Matlak,male,788342689,Aleksander.Mat@wp.pl
1173,1174,Anastazja,Kowalska,female,885913173,KowalskaAnastazja@wp.pl
1174,1175,Alicja,Kołodziejczyk,female,607635708,KolodziejczykAlicja@wp.pl
1175,1176,Filip,Smyk,male,518833894,FilipSmyk@onet.pl
1176,1177,Iga,Fedina,female,888327002,Fedina.Iga@onet.pl
1177,1178,Aleksander,Lewandowski,male,508755734,Aleksander.Lew@gmail.com
1178,1179,Fabian,Dźbik,male,517556212,DzbikFabian@gmail.com
1179,1180,Agata,Majchrzak,female,455103603,Agata.Majc@gmail.com
1180,1181,Mieczysław,Helisz,male,534539609,Helisz.Mi@onet.pl
1181,1182,Michał,Coner,male,666814577,Michal.Coner@interia.pl
1182,1183,Laura,Kozicka,female,791940195,KozickaLaura@gmail.com
1183,1184,Alicja,Strzemińska,female,697780266,Strzeminska7616@wp.pl
1184,1185,Zoja,Sieńkowska,female,736209673,Zoja.Sienkowska@o2.pl
1185,1186,Varvara,Stefaniak,female,732211706,StefaniakVarvara@gmail.com
1186,1187,Cezary,Stadnicki,male,732508470,Stadnicki.Cez@interia.pl
1187,1188,Aleksander,Januszewski,male,577300343,Aleksander8161@o2.pl
1188,1189,Antonina,Koszałka,female,511107725,Koszalka.Anto@o2.pl
1189,1190,Marcel,Karos,male,784006730,Karos1148@o2.pl
1190,1191,Róża,Olak,female,797885899,Olak.Roza@o2.pl
1191,1192,Kornelia,Zbirek,female,727421940,ZbirekKornelia@wp.pl
1192,1193,Leon,Kowalski,male,785210328,Leon.Kowalski@onet.pl
1193,1194,Zuzanna,Niewada,female,537530253,Niewada.Zuz@onet.pl
1194,1195,Antoni,Skitek,male,695751975,Skitek1358@wp.pl
1195,1196,Marcin,Janson,male,727014721,Janson.Ma@o2.pl
1196,1197,Szymon,Gil,male,698704227,GilSzymon@wp.pl
1197,1198,Miłosz,Popielarczyk,male,787666747,Popielarczyk6484@wp.pl
1198,1199,Lena,Sowa,female,737871669,Lena1253@onet.pl
1199,1200,Filip,Haba,male,502167002,Haba.Filip@wp.pl
1200,1201,Antonina,Rola,female,691865353,Antonina6666@interia.pl
1201,1202,Bartosz,Roszko,male,535350982,Roszko505@gmail.com
1202,1203,Lilianna,Pobłocka,female,661487003,Lilianna.Poblocka@o2.pl
1203,1204,Jagoda,Czarnecka,female,792294462,JagodaCzarnecka@o2.pl
1204,1205,Liliana,Kasica,female,882647155,Kasica7916@gmail.com
1205,1206,Kamila,Jóźwik,female,503343205,Jozwik6780@gmail.com
1206,1207,Maksymilian,Kielar,male,731692836,Kielar.Maksymilian@gmail.com
1207,1208,Karolina,Wykręt,female,455029505,Karolina.Wyk@wp.pl
1208,1209,Franciszek,Bielenda,male,532859828,FranciszekBielenda@wp.pl
1209,1210,Jagoda,Wiącek,female,885177487,Wiacek6384@gmail.com
1210,1211,Amelia,Dukat,female,666041617,Dukat.Amel@onet.pl
1211,1212,Katarzyna,Ćwiklińska,female,506393420,Cwiklinska.Katarzyna@onet.pl
1212,1213,Nataniel,Brzoskowski,male,691151325,Brzoskowski1465@onet.pl
1213,1214,Iwan,Siwik,male,797534475,Iwan.Siwi@wp.pl
1214,1215,Pola,Wójtowicz,female,606760167,Wojtowicz867@o2.pl
1215,1216,Tymon,Kochan,male,885453818,Tymon.Koc@wp.pl
1216,1217,Michał,Bogdański,male,536006823,Bogdanski.Mich@onet.pl
1217,1218,Franciszek,Sulikowski,male,608901150,Sulikowski.Fr@o2.pl
1218,1219,Sara,Zych,female,783114091,ZychSara@onet.pl
1219,1220,Hanna,Zapaśnik,female,571053721,Hanna.Zapasnik@onet.pl
1220,1221,Miłosz,Gałka,male,693503698,Milosz.Gal@gmail.com
1221,1222,Liliana,Olkowicz,female,694862368,LilianaOlkowicz@gmail.com
1222,1223,Szymon,Zdun,male,504207217,Szymon4593@onet.pl
1223,1224,Iga,Gajdemska,female,881857897,Iga.Gaj@o2.pl
1224,1225,Maksymilian,Woźniak,male,512488616,MaksymilianWozniak@o2.pl
1225,1226,Blanka,Bury,female,518028017,Bury4153@gmail.com
1226,1227,Klara,Bąba,female,454000473,KlaraBaba@gmail.com
1227,1228,Edward,Kutyła,male,695667356,Kutyla.Edwa@wp.pl
1228,1229,Anna,Janaszek,female,455011857,Anna.Janaszek@gmail.com
1229,1230,Aleksander,Warpechowski,male,451102494,Warpechowski.Ale@gmail.com
1230,1231,Antoni,Dobek,male,577580575,Antoni.Dobek@o2.pl
1231,1232,Helena,Brzeszczak,female,501478301,Helena.Brzeszczak@gmail.com
1232,1233,Gustaw,Suchacki,male,512696139,GustawSuchacki@gmail.com
1233,1234,Franciszek,Walczak,male,797323959,Walczak.Fran@onet.pl
1234,1235,Marcelina,Szemberg,female,602888116,MarcelinaSzemberg@onet.pl
1235,1236,Jakub,Anglard,male,504541775,Anglard.Jakub@gmail.com
1236,1237,Miłosz,Staniewicz,male,512362520,MiloszStaniewicz@gmail.com
1237,1238,Filip,Bąkowski,male,798276250,FilipBakowski@wp.pl
1238,1239,Jakub,Zamora,male,782375300,Zamora.Jakub@onet.pl
1239,1240,Eva,Machnik,female,726101655,Eva.Machnik@wp.pl
1240,1241,Natalia,Jaskot,female,694168434,Natalia.Jas@gmail.com
1241,1242,Tymoteusz,Pawlak,male,457472089,Tymoteusz.Paw@wp.pl
1242,1243,Małgorzata,Zaręba,female,731436621,Zareba.Malg@onet.pl
1243,1244,Jakub,Pasztetnik,male,693584152,PasztetnikJakub@onet.pl
1244,1245,Anna,Kopacz,female,725098568,Anna.Kopacz@o2.pl
1245,1246,Milena,Barańska,female,795873277,Milena2452@wp.pl
1246,1247,Maria,Jurzak,female,602052159,Jurzak.Mari@gmail.com
1247,1248,Zofia,Jarecka,female,737826677,Zofia7749@o2.pl
1248,1249,Nikodem,Pietrych,male,691256152,NikodemPietrych@onet.pl
1249,1250,Gustaw,Brak danych,male,881465323,GustawBrak danych@wp.pl
1250,1251,Lena,Kozłowska,female,783297332,Lena9221@wp.pl
1251,1252,Julian,Biłat,male,737195770,BilatJulian@onet.pl
1252,1253,Filip,Paradowski,male,666010154,Paradowski4086@gmail.com
1253,1254,Antonina,Szymajda,female,797457597,Szymajda6663@interia.pl
1254,1255,Maja,Suchorska,female,506759746,SuchorskaMaja@onet.pl
1255,1256,Laura,Oliszewska,female,731269098,LauraOliszewska@o2.pl
1256,1257,Antonina,Łozowska,female,607606618,Antonina.Loz@onet.pl
1257,1258,Bartosz,Rybus,male,695061065,Bartosz.Ryb@gmail.com
1258,1259,Agata,Kędzierska,female,785503041,Agata6022@wp.pl
1259,1260,Aleksander,Świąder,male,458518810,AleksanderSwiader@gmail.com
1260,1261,Marianna,Karwicka,female,783483261,Karwicka9249@wp.pl
1261,1262,Nela,Kononiuk,female,785016828,Nela.Kononiuk@gmail.com
1262,1263,Anastazja,Ciemerych,female,793851082,Ciemerych4486@gmail.com
1263,1264,Antonina,Gruszczyńska,female,603739865,Antonina.Gruszczynska@o2.pl
1264,1265,Aleks,Maćkowiak,male,721016294,Mackowiak.Alek@wp.pl
1265,1266,Adrianna,Mosiej,female,537342619,MosiejAdrianna@gmail.com
1266,1267,Bianka,Wojtała,female,883834111,Bianka.Wojtala@o2.pl
1267,1268,Igor,Boguszewski,male,786654116,Boguszewski.Igo@interia.pl
1268,1269,Michał,Murawski,male,732349499,Michal.Murawski@o2.pl
1269,1270,Jagoda,Pawłowska,female,796212000,Jagoda.Pawl@interia.pl
1270,1271,Wiktor,Czechowski,male,536177925,Czechowski.Wi@wp.pl
1271,1272,Małgorzata,Greco,female,455992852,Greco5648@gmail.com
1272,1273,Kacper,Jędrzejewski,male,572352306,KacperJedrzejewski@gmail.com
1273,1274,Adam,Halamuda,male,577179968,AdamHalamuda@gmail.com
1274,1275,Marianna,Podolak,female,725510374,Marianna.Podolak@wp.pl
1275,1276,Kornel,Kołakowski,male,666746034,Kornel.Kolakowski@wp.pl
1276,1277,Zofia,Pasiut,female,793429557,Pasiut7099@onet.pl
1277,1278,Maksymilian,Jędrzejewski,male,888447362,Maksymilian.Jedr@gmail.com
1278,1279,Liliana,Staniec,female,795994748,Staniec.Liliana@o2.pl
1279,1280,Joanna,Chyb,female,508940185,Joanna3390@gmail.com
1280,1281,Pola,Stefańska,female,532412040,Pola.Stef@onet.pl
1281,1282,Kazimierz,Baron,male,604840925,Baron8518@onet.pl
1282,1283,Tymon,Słotwiński,male,602309969,Slotwinski6507@wp.pl
1283,1284,Klaudia,Błaszyk,female,603559847,Blaszyk.Klau@wp.pl
1284,1285,Matylda,Lasota,female,508553447,Lasota4898@wp.pl
1285,1286,Ariana,Miecznikowska,female,603437896,Miecznikowska.Ari@interia.pl
1286,1287,Mikołaj,Michałczak,male,607286804,Mikolaj2208@gmail.com
1287,1288,Laura,Kalita,female,788595090,LauraKalita@gmail.com
1288,1289,Marko,Knoski,male,571561543,Marko3868@onet.pl
1289,1290,Jan,Gozdek,male,692935308,Gozdek.Ja@gmail.com
1290,1291,Milana,Martynova,female,798017879,Martynova.Milana@wp.pl
1291,1292,Lena,Krzemińska,female,883028523,Krzeminska.Lena@gmail.com
1292,1293,Zuzanna,Adamczyk,female,664457595,Adamczyk.Zuz@gmail.com
1293,1294,Yaryna,Chrząszcz,female,698517872,Chrzaszcz683@wp.pl
1294,1295,Jan,Dzięcioł,male,731297921,Dzieciol3501@gmail.com
1295,1296,Oliver,Durlak,male,881574791,Oliver.Dur@gmail.com
1296,1297,Grzegorz,Winiarczyk,male,666182981,Winiarczyk.Grz@gmail.com
1297,1298,Marcin,Pultyn,male,724912332,Pultyn.Ma@wp.pl
1298,1299,Miłosz,Bartków,male,578175264,Milosz.Bartkow@gmail.com
1299,1300,Krzysztof,Bożęcki,male,723501143,Krzysztof.Bozecki@gmail.com
1300,1301,Nikodem,Ber,male,795015043,NikodemBer@wp.pl
1301,1302,Maja,Dąbrowska,female,722305266,Maja.Dabrowska@interia.pl
1302,1303,Pola,Kiper,female,732838029,Kiper1083@interia.pl
1303,1304,Wojciech,Drozdz,male,537479198,Wojciech.Drozdz@onet.pl
1304,1305,Józef,Skotarek,male,722745992,Jozef.Sko@onet.pl
1305,1306,Franciszek,Marusza,male,603728484,MaruszaFranciszek@gmail.com
1306,1307,Maximilian,Jacaszek,male,786604979,Jacaszek.Maximilian@gmail.com
1307,1308,Sara,Margulska,female,725710161,Sara.Margulska@wp.pl
1308,1309,Marcel,Michalik,male,787056707,Marcel5607@wp.pl
1309,1310,Amelia,Dańko,female,787417776,Danko.Amelia@gmail.com
1310,1311,Leon,Baumann,male,734814671,Baumann.Leon@gmail.com
1311,1312,Wojciech,Paryła,male,535921705,Paryla.Wojc@onet.pl
1312,1313,Bruno,Brodko,male,512052590,BrodkoBruno@wp.pl
1313,1314,Konrad,Jakubowski,male,692656628,Jakubowski1582@gmail.com
1314,1315,Hanna,Malaga,female,696639666,Hanna.Mala@o2.pl
1315,1316,Natan,Jachna,male,734976970,Jachna.Natan@wp.pl
1316,1317,Oskar,Januszewski,male,692670271,Oskar.Januszewski@wp.pl
1317,1318,Radosław,Jaworski,male,882775166,Jaworski.Radoslaw@interia.pl
1318,1319,Bianka,Kwiatkowska,female,514784134,Kwiatkowska.Bianka@interia.pl
1319,1320,Rita,Kulczycka,female,607412076,KulczyckaRita@o2.pl
1320,1321,Filip,Lis,male,786452679,FilipLis@wp.pl
1321,1322,Oliwier,Drozd,male,604285152,Drozd1773@gmail.com
1322,1323,Sara,Wiśniewska,female,732879157,Sara648@wp.pl
1323,1324,Wesna,Kornak,female,601680613,Kornak6254@onet.pl
1324,1325,Nela,Zgierska,female,503904401,Zgierska7432@wp.pl
1325,1326,Maciej,Kuryshchuk,male,538455331,Maciej.Kur@gmail.com
1326,1327,Kazimierz,Owczarek,male,781806955,Kazimierz.Owczarek@wp.pl
1327,1328,Julian,Rozmus,male,535851916,Julian4145@gmail.com
1328,1329,Gabriel,Głowacki,male,692315852,Glowacki3891@gmail.com
